id,payorId,payeeId,datePaid,amount,reason
1,cdanilyukiq,aaskemhv,2023-09-03,73.19,justo lacinia eget tincidunt eget tempus vel pede morbi
2,bmoorerudop,jcleynmanin,2022-08-07,28.44,ipsum primis in faucibus
3,wferreiradi,lpattledr,2024-03-19,67.31,curabitur
4,sflannek8,croastr6,2022-12-26,8.65,mattis nibh ligula nec
5,bwhitehalljb,lkynderqt,2023-06-16,15.33,consectetuer eget
6,ppedden42,wcaughtkb,2023-03-19,86.4,imperdiet sapien urna pretium nisl ut volutpat
7,gbrooksbynl,criccionech,2022-09-18,63.64,volutpat in congue etiam justo etiam pretium iaculis justo
8,wvancastele6i,mloveguardhr,2022-09-06,51.37,sed tristique
9,narmatageah,kmouanhe,2022-05-18,55.08,ultrices enim lorem ipsum dolor sit amet consectetuer adipiscing
10,ebirnieog,jbockettei,2022-07-05,86.89,nec
11,chundall54,pwansburybu,2022-09-28,11.97,ac lobortis vel dapibus at diam nam tristique tortor
12,eheggbo,pletson9c,2023-06-03,35.61,id lobortis convallis tortor risus dapibus augue
13,sfabernq,bmilburn9m,2023-06-06,14.98,interdum eu
14,npullerac,eswinerd5x,2023-10-05,75.44,sit amet sapien dignissim vestibulum vestibulum
15,eheggbo,tlewerenzr3,2023-04-01,91.57,turpis
16,tpincottcy,lwallbankscm,2023-07-09,18.6,eget
17,ctellenbrokerly,vvlasenkov4n,2022-07-16,38.9,luctus ultricies eu nibh quisque id justo sit amet
18,fandreasenmr,lpeytopx,2022-12-28,22.49,integer non velit
19,kbyresa6,aitzhaiek9x,2022-07-31,42.31,turpis enim blandit
20,mhold9g,sfishendenj3,2023-07-14,39.84,montes nascetur ridiculus
21,fmaddafordga,sajamp2,2023-03-17,47.36,at vulputate vitae nisl aenean lectus pellentesque
22,msaullpf,rfoad8e,2022-07-25,35.72,sit amet eros suspendisse accumsan tortor quis
23,rpratleyoo,swhiskerdoh,2022-08-30,14.8,eget massa tempor convallis nulla neque libero
24,ccoldmann7,tsikorskilp,2024-01-27,50.82,ut volutpat sapien arcu
25,jcleynmanin,vfingletonl0,2023-08-18,40.58,suspendisse potenti nullam porttitor lacus at
26,ahuskaj,nolekpy,2022-12-07,26.73,nunc viverra dapibus nulla suscipit ligula
27,bduerdin19,ddunabie5j,2023-07-26,37.62,duis faucibus accumsan odio curabitur convallis duis consequat dui
28,mmiklemaz,kheijneqc,2024-02-05,26.86,in hac
29,flambshine1o,bbittlestonegb,2023-05-29,55.89,nunc rhoncus dui vel sem sed sagittis nam congue risus
30,jbloxsumax,mtomasino77,2022-06-30,81.06,venenatis lacinia aenean
31,kmouanhe,amcbeathph,2023-07-25,80.26,platea dictumst etiam faucibus cursus urna ut tellus
32,jcropp5h,testerbrookrk,2022-10-15,24.33,nulla neque libero
33,gcuskery2e,fteek1,2024-02-09,23.88,molestie lorem quisque ut erat curabitur gravida
34,tsabbatier26,tgirod6d,2023-10-21,2.5,tristique
35,randrejevicl1,ffauguel2l,2023-11-11,99.53,nibh in hac habitasse
36,llesper7r,mkirtlan79,2023-01-01,84.51,volutpat convallis morbi odio odio elementum eu
37,jridewood73,ncowerndu,2023-10-08,26.37,lorem
38,lpeytopx,cbrontmk,2023-04-17,95.6,a suscipit nulla
39,mmiklemaz,ptenneymx,2022-07-09,99.54,tempus semper est quam
40,kwoodroofelb,bstirripew,2023-11-14,23.02,est congue elementum in hac habitasse platea
41,cnovakovice7,aeakeht,2023-09-15,36.82,accumsan tellus nisi
42,mmacneishkr,egothuppq,2023-11-08,31.7,non ligula pellentesque ultrices phasellus id sapien in sapien iaculis
43,tbrotherheadox,jbriattf,2022-07-26,88.13,ante ipsum
44,chobell4z,jgierlf,2023-09-24,20.54,in faucibus orci luctus et ultrices posuere
45,qchieze7o,sstilingdt,2023-07-02,78.38,luctus ultricies
46,csnugg1v,gtapperau,2023-04-15,57.92,pulvinar lobortis est phasellus sit amet erat
47,stomlins88,vdupree2z,2023-10-14,65.19,curae mauris viverra diam vitae quam suspendisse potenti nullam
48,jwaleworkelu,nbernette56,2024-01-24,57.05,duis faucibus accumsan
49,mdandocj,vbriton9,2022-05-02,21.42,vel nisl duis ac nibh fusce
50,fcrufts4f,kantonetti5p,2022-08-30,99.22,aliquam convallis nunc proin at turpis a pede posuere nonummy
51,brigbye7d,chobell4z,2022-09-24,38.57,praesent blandit lacinia erat vestibulum sed
52,gphilka,avlachqi,2024-02-18,31.1,lobortis convallis tortor risus dapibus augue vel
53,mgiovannoni48,kvecardg,2023-11-29,92.71,luctus et
54,hnormandalejg,jcropp5h,2022-10-13,20.0,velit id pretium iaculis diam erat fermentum
55,ltoman37,hwickman5b,2022-07-15,90.07,blandit lacinia erat vestibulum sed magna
56,ierangeyrq,abrighamh6,2024-03-06,26.28,ipsum primis in faucibus
57,fklemensiewiczbp,shartink0,2022-07-24,74.63,ultrices vel augue vestibulum ante ipsum primis in
58,csemken2o,ebrunsenej,2022-12-05,40.33,nulla ut erat id mauris vulputate elementum nullam varius
59,dwaszczykap,ssiegertszoq,2023-06-22,46.88,proin leo odio porttitor id consequat in
60,welstoni5,ceusdengj,2024-01-10,29.53,bibendum imperdiet nullam orci pede venenatis non sodales sed tincidunt
61,rcarbertlm,cghiony,2022-09-24,52.58,libero nullam sit amet turpis
62,mspeight5,wsoutterd5,2023-03-01,62.24,volutpat convallis morbi odio odio
63,acredlandm3,adickha,2023-10-23,80.61,suscipit ligula in lacus curabitur at ipsum ac
64,rbraysher51,bfrostickiw,2023-03-07,48.86,velit donec diam neque vestibulum
65,elaveryck,gdanielskial,2023-08-16,93.53,pede ullamcorper augue a suscipit
66,ierangeyrq,pcarvilljz,2023-11-17,7.51,convallis nunc
67,fdongallgk,pdobrowolski50,2024-04-06,28.77,venenatis tristique fusce congue diam id ornare imperdiet
68,ryarkerom,rjurzyknd,2022-12-14,40.54,turpis donec posuere metus vitae ipsum
69,jzahori3,josmarkl,2023-06-26,99.34,donec pharetra magna vestibulum aliquet ultrices
70,bpleadeney,gceneyrc,2024-03-18,75.87,vel
71,espoltonke,rmanuellip,2023-01-18,98.67,mattis nibh ligula nec
72,gpresnailb,ndmitric,2023-09-22,36.66,accumsan tortor quis turpis sed ante vivamus
73,pletson9c,edrinkelbh,2024-03-03,50.87,vel lectus in quam
74,maspallgu,ngosslinga1,2023-04-03,76.52,at velit eu est congue elementum in hac
75,rbroderickqm,slabbey5i,2023-10-30,6.35,phasellus
76,cburginn,mjohanssenrn,2022-07-30,13.71,cras mi pede malesuada in imperdiet et commodo
77,mmardoll3o,ipropper8t,2023-10-27,27.18,quam nec dui luctus rutrum nulla
78,mgiovannoni48,gcasoniqj,2024-03-19,51.41,venenatis lacinia aenean sit amet justo morbi ut odio cras
79,cfritschelf0,ncully5n,2022-12-29,16.68,lorem quisque ut erat curabitur gravida nisi at nibh
80,zbrosiooc,tpincottcy,2023-09-18,66.78,platea dictumst aliquam augue quam
81,zguidoni7m,gexter1k,2023-02-02,81.55,aliquet at feugiat non pretium
82,wimpy6l,dshewerylt,2024-04-09,76.89,montes nascetur
83,mshilletor0,agair22,2024-02-16,63.7,venenatis tristique
84,ltimmensh,swillment1l,2022-04-15,35.17,erat curabitur gravida nisi at
85,ahowden3b,mledekkercw,2023-01-13,3.59,platea dictumst etiam faucibus cursus urna ut
86,gcuskery2e,bprivosta,2022-10-23,97.62,posuere cubilia curae nulla dapibus dolor vel
87,gdearnlypm,vkeaysell9s,2023-12-26,87.26,donec ut dolor
88,wferreiradi,xdelchecolopg,2023-02-22,68.29,ipsum praesent blandit lacinia erat vestibulum sed magna
89,tlewerenzr3,degaltonme,2023-10-07,31.01,eget orci vehicula condimentum curabitur in libero ut massa volutpat
90,acornelykq,ggodlontongh,2023-08-27,23.63,dapibus
91,wvancastele6i,ddunabie5j,2023-07-23,10.77,nec nisi vulputate
92,babilowitznk,etolcher98,2023-06-27,7.79,cras in purus
93,kbransomlz,rfanthomje,2023-07-17,25.93,purus sit amet nulla quisque arcu libero rutrum
94,bbittlestonegb,yguiduzzihz,2023-12-19,35.74,non ligula pellentesque ultrices phasellus
95,otabbernorot,dolssonam,2023-08-12,94.81,vel enim sit
96,jgainsefordba,fdongallgk,2022-08-04,22.34,erat id mauris vulputate
97,maspallgu,vdupree2z,2023-03-05,56.64,lacus morbi quis tortor id
98,aspeeredh,kdungatefn,2024-01-14,67.28,quis odio consequat
99,mbrancac4,emaesoi,2023-07-14,38.78,nam ultrices libero non mattis pulvinar nulla pede ullamcorper augue
100,npullerac,lstockfordgs,2023-03-11,88.67,vulputate ut ultrices vel
101,rdelorenzohq,jscoreyr8,2024-03-01,58.16,augue vel accumsan tellus nisi eu orci
102,rlucchir1,lwallbankscm,2022-08-27,9.66,nulla eget eros elementum pellentesque
103,abrechin8i,swatero5,2024-01-17,97.86,nulla dapibus dolor vel est donec
104,vkensetgd,fbellefonte45,2024-02-18,42.89,duis mattis egestas metus aenean fermentum
105,ccaldaroc1,pcabbelli8,2022-07-18,51.65,ipsum primis in faucibus orci luctus et ultrices
106,nsnadeng9,hbruyet46,2023-11-25,49.05,orci luctus et ultrices
107,sblunnz,bhastie8h,2022-05-26,90.9,in
108,bsyvret8v,esnarr9q,2024-03-25,29.49,mus vivamus vestibulum sagittis sapien cum
109,ybuchammo,qpehrsson7y,2023-03-11,66.59,in tempor turpis nec euismod scelerisque quam turpis
110,dalywen1m,kbergerb2,2024-01-05,4.23,sapien varius ut blandit non interdum in
111,bkenwortheydc,fbonhommehm,2023-07-11,84.64,in faucibus orci luctus et ultrices posuere cubilia
112,obeezejd,jbilbiegn,2023-01-09,73.52,gravida nisi at
113,kbyresa6,ctellenbrokerly,2023-03-18,73.3,luctus ultricies eu nibh quisque id justo sit amet sapien
114,zguidoni7m,ugerren3w,2022-06-26,58.19,sed augue aliquam erat volutpat in congue
115,ebuntinmn,epilbeamif,2022-07-23,62.84,ante vivamus tortor duis mattis egestas metus
116,fmaddafordga,jboyesjj,2023-02-01,72.13,lorem id ligula suspendisse ornare consequat lectus
117,ewillisr4,sspaxmancg,2022-06-12,53.54,gravida sem praesent id massa id nisl venenatis lacinia
118,eixer4a,jtomaselli1i,2023-01-28,7.18,quis turpis eget elit sodales scelerisque mauris
119,csymcoxgg,kwennington9t,2022-07-03,56.72,id ligula suspendisse ornare
120,sbrasted80,ygillana0,2022-11-17,26.83,proin leo odio porttitor id consequat
121,fmacgraymu,ncully5n,2023-11-07,18.71,morbi porttitor lorem id ligula suspendisse ornare consequat lectus
122,dhancornni,wespinhahy,2023-09-07,83.31,justo sollicitudin
123,eshelf13,bpickav,2022-10-30,80.18,elementum ligula vehicula consequat morbi a ipsum integer a
124,acornelykq,watthowem8,2023-11-24,86.81,dolor vel est donec
125,lodyvoyev,istrotonc6,2023-06-14,35.17,in felis eu sapien cursus vestibulum proin eu mi nulla
126,nmongeotd8,fklemensiewiczbp,2022-06-11,56.34,a nibh in quis justo maecenas rhoncus aliquam lacus morbi
127,ewillisr4,pruprichp7,2022-05-15,75.5,eros viverra
128,atanted3,cmcelmurrayh2,2022-09-25,37.07,sed justo pellentesque viverra pede ac diam cras pellentesque volutpat
129,bvasilyonoknx,rmanuellip,2023-09-27,99.63,a ipsum
130,rbadgers3k,badamoli7x,2023-03-01,67.89,fermentum donec ut mauris eget
131,eswinerd5x,wespinhahy,2022-12-21,85.23,sed
132,lwardingtonay,sheballo3,2022-08-29,9.89,platea dictumst morbi vestibulum velit id pretium iaculis diam erat
133,fbarrett7t,lcossamnf,2024-03-23,77.46,in quam fringilla rhoncus mauris enim leo rhoncus sed vestibulum
134,eprestneyai,vdupree2z,2023-09-17,69.61,ante ipsum primis in faucibus orci luctus et ultrices
135,sfuidge62,ggoodinson9k,2022-11-19,58.51,purus aliquet at feugiat non pretium quis lectus suspendisse potenti
136,mdrinnanf8,dpuntonf2,2022-05-02,78.02,augue vel accumsan tellus nisi eu orci mauris
137,dhancornni,spedrozzijn,2022-07-06,45.2,nisi
138,hmacandrew5f,rcarbertlm,2022-08-15,2.83,adipiscing molestie
139,tleer1r,anarducci2t,2022-08-01,74.63,aliquam quis turpis eget elit sodales scelerisque mauris
140,gbarnaby6z,cpembertono0,2023-09-07,90.14,blandit ultrices enim lorem ipsum dolor sit amet consectetuer
141,abaguleyln,vlavallielx,2023-04-29,60.53,vestibulum velit id pretium iaculis diam erat fermentum justo nec
142,njupp4p,cautrie3x,2022-09-08,70.14,vulputate elementum nullam varius nulla facilisi cras non
143,fmacgraymu,svartynb,2024-04-01,4.3,augue quam sollicitudin vitae consectetuer eget rutrum
144,mmeadway44,istirripco,2022-08-27,93.11,lorem ipsum
145,eborgarser,cellishd,2023-08-14,6.45,tempus vivamus in felis eu sapien
146,shutsby8z,zmumfordn1,2023-05-13,21.18,mattis pulvinar nulla pede
147,rwinmillaf,rgriffittskh,2022-12-05,1.87,convallis morbi odio odio elementum eu
148,bgoodluck4c,vdannohl53,2023-06-26,79.58,vulputate
149,dspellacey4e,blutton2b,2023-07-23,74.76,ultrices libero non mattis pulvinar nulla pede ullamcorper
150,amcinultyq6,tsabbatier26,2024-02-23,93.31,venenatis tristique fusce congue diam id ornare imperdiet sapien urna
151,bhayhoem9,ljosilowski4r,2023-07-22,1.53,vel pede morbi porttitor lorem id ligula suspendisse ornare
152,rgriffittskh,ylampart6t,2022-06-09,54.57,sagittis sapien cum sociis
153,mbullenekv,chrihorovichhp,2022-10-02,32.29,turpis sed ante vivamus tortor duis mattis egestas metus aenean
154,imateuszczyk9i,alehuquetdn,2022-04-15,11.8,habitasse platea dictumst
155,ymantripp76,ssoamesc8,2024-02-26,99.33,in lacus curabitur at ipsum
156,leaggerns,lclemsonel,2023-06-30,6.33,eget tincidunt eget tempus vel pede morbi
157,lfoskew31,lmozzettia8,2023-05-25,72.33,massa tempor
158,dalywen1m,mkineton1g,2022-08-11,10.55,nibh quisque id justo sit amet sapien
159,nkeeltaghj2,kheijneqc,2023-02-11,12.22,interdum mauris non ligula
160,wcaughtkb,clicciardi1u,2022-08-24,80.57,sit amet lobortis sapien sapien
161,evedyasov4m,cellishd,2022-05-27,76.47,ipsum praesent blandit lacinia erat vestibulum sed magna at
162,hdurantenn,fcraigmylemz,2022-11-24,82.95,at lorem integer tincidunt ante vel ipsum praesent blandit
163,ngrimbaldeston16,lcahilld,2023-06-19,87.92,ipsum dolor sit amet consectetuer adipiscing elit
164,rjurzyknd,ibootheqs,2023-07-08,6.41,id sapien in sapien iaculis congue vivamus metus
165,cgrievson9l,ktruterq1,2023-01-30,73.79,pharetra
166,iheskins1n,mgiovannoni48,2024-03-03,1.8,adipiscing elit proin interdum mauris non
167,dshipcotta4,pslipper55,2023-04-10,12.34,dapibus dolor vel
168,dtomik8l,dkulicdx,2024-02-12,86.76,nisl duis bibendum felis sed interdum venenatis turpis
169,adickha,cdanilyukiq,2022-04-24,80.94,semper interdum mauris ullamcorper purus
170,rdenmanb4,wespinhahy,2023-06-01,55.41,nonummy
171,pruprichp7,sragsdalek9,2024-03-20,56.88,id turpis integer aliquet massa id lobortis
172,browstond0,sstertn5,2023-03-08,90.67,vestibulum sed magna at nunc commodo
173,gfortnon6f,amcinultyq6,2023-08-14,52.39,nulla eget eros elementum
174,ibisseker9j,bmoorerudop,2022-12-09,70.44,non
175,ssandeverp1,amcinultyq6,2023-09-14,4.14,dui vel sem sed sagittis nam congue risus semper porta
176,degaltonme,rmolencb,2023-02-04,80.5,venenatis turpis enim blandit mi in porttitor
177,nfawdriee9,ugerren3w,2022-10-21,78.12,ullamcorper augue a suscipit nulla elit
178,edyter6k,sgreenfieldd9,2022-09-16,90.61,sapien non mi integer ac neque duis bibendum
179,mbesnardeaulw,cbutterfintae,2024-03-28,54.24,nascetur ridiculus mus vivamus
180,ncully5n,adickha,2022-11-24,81.94,sit amet
181,rcardoso3v,slamploughbe,2023-06-15,86.64,a nibh in quis justo
182,mkubeckacz,mjarrades,2022-09-15,70.63,nulla facilisi
183,cgentiryil,owroughton25,2023-08-13,69.17,id justo sit amet sapien dignissim vestibulum vestibulum ante ipsum
184,awandtkepc,lmozzettia8,2023-08-27,4.8,mauris sit amet eros suspendisse accumsan tortor
185,upoutono6,kbeagrie3m,2022-07-26,39.4,volutpat eleifend donec
186,homarat,pcoots7w,2022-10-15,23.05,sollicitudin mi sit amet lobortis sapien sapien non
187,nhaskerpd,rbraysher51,2023-01-19,91.51,auctor gravida sem praesent id massa
188,lburgermw,llesper7r,2023-08-07,18.45,maecenas tristique est et tempus semper est quam pharetra magna
189,dmaccroaryi1,babilowitznk,2023-11-15,40.73,nulla
190,wmccahill2y,sbrasted80,2022-04-28,33.28,metus vitae ipsum aliquam non mauris morbi non lectus aliquam
191,biddon4,cmaydwellj6,2022-08-05,76.93,tortor
192,brigbye7d,gstendelloj,2022-12-02,20.26,orci mauris lacinia sapien quis libero
193,sboswood1e,moshirine2k,2023-10-08,27.06,magna vestibulum aliquet ultrices erat tortor sollicitudin mi
194,pnemchinovc3,idowrey35,2023-05-24,10.37,curae mauris viverra
195,lsymmskg,saitchison5g,2024-02-18,81.8,magnis dis parturient montes nascetur ridiculus mus etiam
196,amowlam82,bgoodluck4c,2024-04-05,90.23,imperdiet nullam orci pede venenatis non sodales sed tincidunt eu
197,fstolteee,ltomasini70,2023-12-30,27.66,vel
198,adelamarjq,krawkesbyfx,2024-01-14,51.29,parturient montes nascetur ridiculus mus etiam vel augue vestibulum
199,cseally64,bstoffersp5,2023-07-04,30.9,lorem integer tincidunt ante vel
200,mwrittleb0,upoutono6,2023-03-25,77.45,ridiculus mus etiam vel augue vestibulum rutrum rutrum neque aenean
201,mwoolseyb3,kwein3q,2023-06-28,59.94,vestibulum quam
202,hbruyet46,hpikhnori,2022-09-17,48.67,natoque penatibus et magnis dis parturient
203,jeskriet24,vkeaysell9s,2022-11-09,68.65,sapien varius ut blandit non interdum in ante
204,gtedorenko5y,iconnettc7,2023-06-14,4.81,luctus et ultrices posuere cubilia curae donec pharetra magna
205,sbriseqq,doscanlanqw,2023-09-27,46.82,venenatis lacinia aenean sit amet justo morbi
206,jcasiniji,lfattori94,2024-03-12,75.29,imperdiet nullam orci pede venenatis non sodales sed tincidunt
207,sbrithmanpb,sstilingdt,2024-02-10,65.31,id consequat in consequat ut nulla sed accumsan felis
208,jkubickar5,cgindghillas,2022-09-12,27.42,donec ut dolor morbi vel lectus in quam fringilla rhoncus
209,bhayhoem9,rheibel2j,2022-05-06,63.88,quam a odio in hac habitasse platea dictumst maecenas ut
210,mlengletkp,wtwigginslr,2022-05-01,99.65,adipiscing molestie hendrerit
211,ipropper8t,swillment1l,2023-10-01,38.47,non mi integer ac neque
212,ngrimbaldeston16,acaldaro4q,2022-11-16,79.96,elementum in hac habitasse platea dictumst morbi
213,eelieskk,stomlins88,2023-12-10,49.87,nulla elit ac nulla sed vel enim sit
214,ryantsurevnc,dgrzelczykl4,2023-09-11,64.15,platea dictumst
215,vbogies2g,acaldaro4q,2023-04-11,21.52,elementum ligula vehicula consequat morbi a ipsum integer
216,bhayhoem9,kguswellmf,2023-08-19,23.57,eget congue
217,kjaeggioe,cbowlands3u,2024-01-11,54.39,venenatis
218,wscougalg4,fdrinkhill6p,2022-07-04,54.93,eget orci vehicula condimentum curabitur
219,jdanilenkok2,rjeens6m,2024-01-21,92.8,vulputate ut
220,csherebrookec5,qchieze7o,2022-07-01,53.16,id ligula
221,cmurrock61,acaldaro4q,2023-05-27,47.05,et magnis dis parturient montes nascetur ridiculus
222,epinelb9,lcahilld,2024-01-30,15.57,quis orci
223,frangallfh,oescalekc,2022-10-05,57.44,ipsum dolor
224,ebirnieog,bmuncey7k,2022-07-27,15.2,euismod scelerisque quam turpis adipiscing lorem vitae mattis nibh ligula
225,sgreenfieldd9,sbletsoeol,2023-05-14,84.89,in imperdiet et commodo vulputate justo in blandit
226,sollifffe,htointon4i,2024-02-14,13.65,elit sodales scelerisque mauris sit amet eros suspendisse
227,sstilingdt,jolivarigt,2023-05-04,72.65,vestibulum ante ipsum primis
228,abiddell3f,aspeeredh,2023-09-05,15.84,eget rutrum at lorem integer tincidunt ante vel ipsum praesent
229,csillickh0,lmozzettia8,2023-06-13,50.85,est et
230,evedyasov4m,jabramamovh7,2022-11-26,56.51,semper interdum mauris ullamcorper
231,mbjerkan8d,ndmitric,2023-05-30,30.24,feugiat et eros vestibulum
232,cnovakovice7,vhillg2,2023-10-11,58.7,scelerisque quam turpis
233,gcarbint,wpixtono8,2023-05-01,67.69,convallis tortor risus
234,eduffree66,slabbey5i,2023-11-13,17.93,nam
235,wvancastele6i,rbottell93,2024-02-26,79.09,eu tincidunt
236,crenoufaa,bmawdp0,2023-07-24,48.89,faucibus orci luctus et ultrices
237,otabbernorot,atanted3,2023-08-14,85.45,duis bibendum morbi non quam nec dui luctus rutrum
238,amaccrae3n,ccoldridgede,2023-10-04,18.84,etiam faucibus cursus urna ut
239,dtreskep6,edyter6k,2023-07-02,2.79,tempor turpis nec euismod scelerisque quam turpis adipiscing lorem vitae
240,njupp4p,acroydonfo,2024-04-08,68.37,tempus vel pede morbi porttitor lorem id ligula suspendisse
241,atanted3,bshalcrosiv,2023-06-25,18.42,nulla dapibus dolor vel est donec odio justo
242,gtedorenko5y,shutsby8z,2023-09-28,78.15,massa id lobortis convallis tortor
243,fweinham71,mwoolseyb3,2023-08-02,26.46,blandit lacinia erat vestibulum sed
244,vgengeip,ngrimbaldeston16,2023-11-16,8.84,mi nulla ac enim in tempor turpis nec
245,cmccall8o,gbarnaby6z,2023-03-13,49.72,ultrices mattis odio donec vitae
246,bparris7e,aeakeht,2023-12-30,79.71,nulla ut
247,asamuelr7,fmaddafordga,2022-07-28,52.41,nonummy
248,kbransomlz,mrennoxof,2024-01-02,86.12,non pretium
249,cnovakovice7,rgabrielygo,2023-10-07,44.22,nam
250,sgoodrumlq,churtic9b,2023-01-16,15.65,pede venenatis non sodales sed tincidunt
251,welstoni5,gbarnaby6z,2023-03-31,61.6,luctus tincidunt nulla mollis molestie lorem
252,dblabeydw,ejacquet1j,2023-03-01,94.2,cubilia curae nulla dapibus dolor vel est donec
253,ahuskaj,babilowitznk,2023-05-21,75.63,justo
254,smochan6o,lfoskew31,2022-10-01,93.47,malesuada in imperdiet et commodo vulputate
255,svartynb,mdandocj,2023-09-20,6.87,nam congue risus semper porta volutpat quam
256,bsadler6u,mcasiero4s,2024-02-16,95.52,nulla
257,reubankmy,jbrosea7,2023-05-03,23.58,felis
258,ryarkerom,testerbrookrk,2023-04-20,4.1,cum sociis natoque penatibus et magnis dis parturient
259,nbroganx,alehuquetdn,2023-10-31,14.58,vel augue vestibulum rutrum rutrum neque
260,cstripp6b,yreichartzh3,2023-04-21,6.14,in
261,eelieskk,esnarr9q,2022-11-07,94.72,consequat morbi
262,wmccahill2y,tmathisondd,2024-01-15,60.47,velit
263,dkulicdx,mjarrades,2023-10-07,33.82,nibh in quis justo maecenas rhoncus aliquam lacus morbi quis
264,singreml3,mdandocj,2023-01-03,69.02,varius nulla facilisi cras non velit nec nisi vulputate nonummy
265,mkineton1g,slamploughbe,2023-01-17,32.2,vestibulum velit id pretium iaculis diam
266,hkapelhoffk4,gfortnon6f,2022-07-08,56.18,penatibus et magnis dis parturient
267,cjoyesb1,sspaxmancg,2023-10-23,76.31,aliquam lacus morbi quis tortor id nulla
268,bbittlestonegb,gmccranned,2023-09-24,23.97,faucibus orci
269,sbletsoeol,sgrigson23,2023-08-18,4.01,eu felis fusce posuere felis
270,lmorffewow,cghiony,2023-11-20,94.58,eleifend luctus ultricies eu nibh quisque
271,abaguleyln,hbracchin3,2024-03-05,84.5,ut ultrices vel augue vestibulum ante ipsum primis
272,tbrambell7l,kmouanhe,2023-08-21,63.54,in felis donec semper sapien a libero nam dui proin
273,sprierlk,ialastairmj,2024-04-13,42.45,at dolor quis
274,reymermt,yprovisk6,2023-06-07,76.21,quisque ut erat curabitur gravida nisi
275,dfromeu,eheggbo,2023-08-06,61.92,ut mauris eget massa tempor convallis nulla neque libero
276,ajenessms,crenoufaa,2023-02-07,31.58,leo rhoncus sed vestibulum sit amet
277,ptenneymx,kjaeggioe,2022-11-10,66.07,enim leo rhoncus sed vestibulum sit amet cursus id turpis
278,sfairesbw,cburchatt8w,2023-05-04,73.62,varius nulla facilisi cras
279,lwallbankscm,dspellacey4e,2024-01-22,88.73,aliquet at feugiat
280,astoppegz,boddboyfy,2023-02-21,39.67,luctus et ultrices posuere cubilia
281,nbernette56,dalywen1m,2024-03-26,45.45,lectus vestibulum quam
282,rdelorenzohq,oescalekc,2023-02-15,22.15,lacus at turpis
283,wespinhahy,etolcher98,2024-04-09,21.45,commodo vulputate justo in blandit ultrices enim lorem ipsum dolor
284,osemperqa,rmaccostigan10,2022-08-27,21.08,nisi eu orci
285,erufflesro,dtordoffef,2022-05-27,40.78,id lobortis convallis tortor risus dapibus augue vel
286,demney14,psikorsky86,2022-06-24,74.19,pharetra magna vestibulum aliquet ultrices erat tortor
287,bfrostickiw,sbriseqq,2023-02-20,82.43,nam
288,nrampleycf,dtidmasn2,2023-09-29,57.22,amet consectetuer adipiscing elit
289,hdenyukindq,dsammonrf,2022-05-24,74.3,enim blandit mi in porttitor pede
290,kwennington9t,hmartinezq5,2022-12-02,31.7,sit amet lobortis
291,tlorensct,ecorteseeq,2022-08-28,81.85,vestibulum rutrum rutrum neque aenean auctor
292,pnemchinovc3,rcarbertlm,2022-05-01,98.24,iaculis
293,wjoesburypj,krosenboim7j,2023-07-13,3.99,id ornare imperdiet
294,sfuidge62,rjurzyknd,2022-11-16,31.76,nulla
295,saitchison5g,narmatageah,2022-10-31,85.34,lectus vestibulum quam
296,abuntong5,narmatageah,2022-10-01,69.1,lacus at velit vivamus vel nulla eget
297,cleavens6x,leaggerns,2022-12-16,23.92,sit
298,degaltonme,jwernye4,2022-10-23,23.22,quis turpis eget elit sodales scelerisque mauris sit amet eros
299,ceusdengj,ajenessms,2023-03-22,44.33,sed nisl nunc
300,fkarlqvist67,bjurgesne,2022-04-19,54.26,dolor sit amet consectetuer adipiscing elit proin
301,swoodalljk,nconejo,2024-01-07,46.88,mauris enim leo rhoncus sed vestibulum sit amet cursus id
302,ehaney2s,ewillisr4,2022-12-28,17.61,erat id mauris vulputate elementum nullam varius nulla facilisi
303,ncully5n,cmcrae2w,2022-05-16,53.85,dapibus nulla suscipit
304,mbalmadierqr,vdannohl53,2022-08-06,92.18,enim lorem
305,amacandrew1,bgaughan36,2023-04-28,42.01,faucibus
306,amaccrae3n,mzanetellof9,2023-05-18,21.21,eget elit sodales scelerisque mauris sit
307,weastabrookqh,hlongrigg39,2023-04-03,33.0,leo odio porttitor id
308,qchieze7o,vdraytonq3,2023-02-04,90.57,aliquam convallis nunc proin at turpis a
309,rbeurichiz,bkernellqp,2023-08-16,41.93,varius integer ac
310,tsamplesm2,fregusi9,2022-05-09,36.54,consequat morbi a ipsum integer a
311,neverleigh1c,lmccaugheydg,2022-12-16,65.09,dictumst etiam faucibus cursus urna ut tellus
312,ggeeraert8p,hdurantenn,2022-09-19,3.5,enim lorem ipsum dolor sit amet consectetuer adipiscing elit proin
313,sbletsoeol,rbatsfordg1,2022-11-28,89.55,id
314,chundall54,dcharleymb,2023-12-10,56.23,ultrices posuere cubilia curae duis faucibus accumsan odio
315,alarivegi,khursthousejl,2022-10-03,95.3,nulla neque libero convallis eget eleifend luctus ultricies
316,crenoufaa,mflintoft8r,2023-04-01,52.45,fusce congue diam id ornare imperdiet
317,bpickav,gblewmenih,2023-10-02,3.4,velit vivamus vel nulla eget
318,fconleynt,cmilnthorpe2a,2022-08-09,60.37,luctus et ultrices posuere cubilia curae mauris viverra diam vitae
319,klappiniu,bsmickle99,2022-09-19,86.75,nibh quisque id justo sit
320,ljosilowski4r,esolwaycn,2024-03-21,68.57,ut tellus nulla ut erat id
321,kbagniukle,nmeriguet21,2023-12-22,70.37,magnis dis parturient montes nascetur ridiculus mus vivamus vestibulum
322,istrotonc6,sgrattenab,2024-01-21,90.85,et magnis dis parturient montes nascetur ridiculus mus
323,ktongli,swoodalljk,2022-06-30,66.15,quisque erat eros viverra eget congue eget semper
324,tgreaterexge,dolomancd,2022-10-03,94.75,justo eu massa donec dapibus duis
325,kalibertib5,gcurado4y,2022-08-12,72.89,nulla ultrices
326,shollidges,xvye43,2022-11-01,48.19,velit eu est
327,bmawdp0,dscardifeildpi,2023-03-21,43.55,semper rutrum nulla
328,lmyershh,rpratleyoo,2022-06-06,53.44,quam turpis adipiscing lorem vitae mattis nibh ligula nec
329,bwhellamsp3,jkubickar5,2023-01-17,86.78,ridiculus mus etiam vel augue
330,kbyresa6,lwallbankscm,2023-11-08,23.06,ut dolor morbi vel lectus in quam fringilla
331,apiggrem8y,lweavillnv,2024-01-04,65.15,justo sollicitudin ut suscipit a feugiat et eros vestibulum ac
332,cbutterfintae,bgaughan36,2024-03-21,38.25,at dolor quis odio consequat varius integer
333,wcaughtkb,sollifffe,2023-05-26,96.94,arcu adipiscing molestie hendrerit at vulputate vitae nisl aenean
334,acaldaro4q,yguiduzzihz,2023-03-16,87.16,metus arcu adipiscing molestie hendrerit at vulputate vitae
335,pwansburybu,pnemchinovc3,2022-09-18,79.43,amet cursus id turpis integer
336,mbarabischpl,kkivlehanna,2022-11-29,63.63,lacinia aenean sit amet justo morbi ut
337,rbatsfordg1,mhagerty3s,2024-01-24,8.0,a
338,mjarrades,wpetrou85,2023-06-25,1.79,aenean auctor gravida sem praesent
339,fcrufts4f,jschurig7b,2023-12-07,83.13,neque aenean auctor gravida sem praesent
340,tlewerenzr3,singreml3,2022-04-27,13.9,integer pede justo lacinia eget tincidunt eget
341,wbankhurstio,thoff5t,2022-09-25,22.13,lectus vestibulum quam sapien varius ut
342,hnormandalejg,hrobelowjh,2023-02-16,58.78,sapien sapien non mi integer ac neque duis
343,nkeeltaghj2,kmountcastlegy,2024-03-05,97.84,morbi porttitor lorem
344,kbeagrie3m,battockd7,2023-10-13,92.9,tempus vel pede morbi porttitor
345,cdalliwatrie,rhawlgartho9,2022-10-06,20.18,pellentesque at nulla suspendisse potenti cras in
346,obazell5w,igorger6g,2023-05-10,67.91,vivamus metus arcu adipiscing molestie hendrerit at
347,jcasiniji,yprovisk6,2022-09-27,71.65,libero rutrum ac lobortis vel dapibus at
348,dspellacey4e,jmatussevichrd,2022-07-10,84.0,est quam pharetra magna ac consequat metus
349,dtordoffef,ccaldaroc1,2023-06-24,61.08,montes nascetur ridiculus mus vivamus vestibulum
350,rpullan3i,wgosswellcq,2024-01-06,14.92,neque aenean auctor
351,bregglarko,upoutono6,2022-08-31,96.64,vel lectus in quam fringilla
352,swhiskerdoh,gjaukovic5e,2023-03-23,7.61,accumsan tortor quis turpis
353,srosenfeld7a,rlucchir1,2023-04-25,45.93,non velit nec nisi vulputate nonummy maecenas tincidunt
354,nlorandhw,kgirauldbm,2023-02-20,40.76,curae nulla dapibus dolor vel
355,hmacandrew5f,epilbeamif,2022-06-10,75.68,consequat metus sapien ut nunc vestibulum ante
356,pswinnw,gbaldenq2,2023-04-05,76.18,nec nisi vulputate
357,dgrzelczykl4,xdelchecolopg,2022-06-30,40.32,venenatis turpis
358,mfashion2h,semonspo,2024-02-23,73.81,at dolor quis
359,dsillettcp,jcropp5h,2022-11-22,36.74,posuere nonummy
360,cjoyesb1,bshalcrosiv,2024-03-08,47.24,ut nunc vestibulum ante ipsum primis in faucibus orci
361,ldunlapa3,ltomasini70,2023-03-23,6.45,amet turpis elementum ligula vehicula consequat morbi a
362,mhold9g,nmeriguet21,2022-05-16,33.52,pede justo lacinia eget tincidunt
363,ahuskaj,cleasoneg,2023-03-15,40.66,habitasse platea dictumst aliquam augue quam sollicitudin vitae consectetuer
364,bdodds5l,emenicombfu,2023-01-08,16.43,felis sed lacus morbi sem mauris laoreet ut rhoncus aliquet
365,ahaddenls,jbingejy,2023-12-29,82.88,pede libero quis orci nullam molestie nibh
366,rjeens6m,avlachqi,2023-08-10,37.28,pellentesque volutpat dui maecenas tristique est et tempus semper
367,garchqx,saitchison5g,2022-05-31,35.43,nonummy integer non velit donec diam neque
368,rwilshirehk,fandreasenmr,2022-04-29,26.6,ligula sit amet
369,lcahilld,alangelaanek,2024-01-07,78.96,eros vestibulum ac est lacinia nisi venenatis tristique fusce congue
370,mspeight5,ctolomellir,2022-10-05,12.02,ut erat
371,ceusdengj,fdongallgk,2022-06-07,40.44,egestas
372,asmoutenjp,etolcher98,2023-01-09,57.61,vestibulum ante ipsum primis in faucibus orci luctus et ultrices
373,sserrelse3,yreichartzh3,2023-06-04,8.56,mauris morbi non lectus aliquam sit amet
374,epinelb9,mjeffbd,2023-05-14,74.96,ut odio cras mi pede
375,amowlam82,pphelipeau69,2023-04-13,53.55,dapibus augue vel accumsan tellus nisi eu
376,sreimersq9,jsimonaitis52,2022-06-27,54.76,diam in magna bibendum imperdiet nullam orci
377,egolling74,cpembertono0,2023-05-30,8.97,eu massa donec dapibus duis at velit
378,thoff5t,mglydece,2023-05-04,65.84,non lectus aliquam sit amet diam in magna
379,jchristoffebz,aedowesao,2022-12-09,33.25,elit ac nulla sed vel enim sit amet nunc
380,reubankmy,dolomancd,2023-09-19,9.67,venenatis lacinia aenean sit amet justo morbi
381,iheskins1n,shunton9z,2022-07-03,14.85,neque sapien placerat ante nulla justo aliquam quis
382,bfarnhille5,bfitchettda,2022-07-01,16.26,lobortis est phasellus sit amet
383,mhagerty3s,stavernoreh,2022-09-20,56.49,sed ante vivamus tortor duis mattis egestas metus aenean
384,fdongallgk,agair22,2022-05-10,17.54,luctus cum sociis
385,gcasoniqj,bhastie8h,2022-05-14,7.38,parturient montes nascetur ridiculus mus etiam vel augue vestibulum rutrum
386,mbarabischpl,dandreonebq,2023-06-29,77.03,non ligula pellentesque ultrices phasellus id sapien
387,sserrelse3,wgosswellcq,2022-11-08,55.19,nisl
388,dbonnifacei4,rcomettog6,2023-03-16,70.3,ligula nec sem duis
389,alarivegi,ahowden3b,2023-06-01,21.58,congue diam id ornare imperdiet sapien urna pretium nisl ut
390,wdawidowiczdp,gmault97,2023-09-12,37.91,id nisl venenatis
391,cheathwoodff,dsillettcp,2023-12-31,99.01,hac habitasse platea dictumst morbi vestibulum velit id
392,frangallfh,amatschekqz,2022-09-20,31.42,etiam justo etiam
393,vmcallank,eedward9a,2023-01-21,43.47,in tempor
394,jcleynmanin,wmccahill2y,2023-01-07,85.14,in felis eu sapien
395,imarrison1y,pcoull40,2023-09-12,32.56,lacus purus aliquet at feugiat non pretium
396,bpattesallhg,amatoninj8,2023-08-09,14.42,donec semper sapien a libero nam dui proin leo
397,smacmasteret,cstowec0,2023-03-31,82.4,at lorem integer tincidunt ante vel
398,imarrison1y,edollimorej9,2022-10-09,8.9,congue vivamus metus arcu adipiscing molestie hendrerit
399,sphayrefp,tbraidwood8c,2023-06-20,83.81,in lectus pellentesque at nulla suspendisse potenti cras in purus
400,ycejkan6,epilbury9w,2023-11-09,66.49,in hac habitasse platea dictumst morbi
401,rbadgers3k,onorresg7,2022-05-14,12.78,vitae mattis nibh
402,ybuchammo,swillment1l,2022-06-08,72.2,mollis molestie
403,acroydonfo,cpavinese89,2022-12-24,67.56,eget tincidunt eget tempus vel
404,asamuelr7,sgreenfieldd9,2023-07-11,84.94,eget tincidunt eget
405,wjoesburypj,rwilshirehk,2022-11-17,69.71,convallis tortor risus dapibus augue vel accumsan tellus nisi eu
406,kbailisspr,kpistol7q,2022-08-18,24.6,sem
407,edolohuntygv,htointon4i,2023-09-01,75.03,augue aliquam erat
408,shennerfi,ssiegertszoq,2023-10-06,84.14,erat eros viverra eget congue eget semper rutrum
409,bvampouilleod,awatermanmi,2022-07-12,49.57,viverra diam
410,oocriganaq,kkivlehanna,2023-04-24,21.3,nulla ut erat id mauris vulputate elementum nullam varius
411,abimrose7z,bkernellqp,2022-05-30,35.36,sed justo pellentesque viverra pede
412,cseally64,rclixbyem,2022-08-31,19.96,interdum mauris non ligula pellentesque
413,iconnettc7,oocriganaq,2023-03-31,30.93,in faucibus orci luctus et ultrices posuere cubilia curae
414,jtolman20,vkensetgd,2023-02-18,26.21,viverra diam vitae quam suspendisse potenti nullam porttitor lacus
415,yguiduzzihz,amcbeathph,2023-10-30,48.55,lectus pellentesque eget nunc donec quis orci eget
416,ggodlontongh,wpetrou85,2022-04-15,35.4,sagittis
417,kquick6j,dbohlinku,2023-02-27,68.5,donec quis orci eget orci vehicula condimentum
418,mbarrettdm,dgrzelczykl4,2022-08-19,60.86,morbi non lectus aliquam sit amet diam in magna bibendum
419,ltomasini70,wfarrin2r,2023-06-04,51.38,nulla nisl nunc nisl
420,otabbernorot,hmacandrew5f,2022-07-14,72.24,et magnis dis parturient montes nascetur ridiculus mus
421,kjaeggioe,ftidbaldp8,2023-01-03,30.48,nullam molestie
422,ceusdengj,kquick6j,2022-06-03,57.62,duis consequat dui nec nisi volutpat eleifend
423,mshilletor0,dolomancd,2022-06-01,3.79,pretium iaculis justo in hac habitasse platea dictumst
424,dtordoffef,ktruterq1,2023-03-27,5.74,nisi vulputate nonummy maecenas
425,wferreiradi,spedrozzijn,2022-09-26,62.56,urna
426,jgainsefordba,rscuttsnp,2022-06-22,97.45,in consequat ut nulla sed accumsan
427,jbrosea7,jcayj4,2023-03-12,3.66,dui proin leo odio porttitor id consequat in
428,obeezejd,lvongrollmann84,2023-12-14,22.71,erat nulla tempus vivamus in felis eu sapien cursus vestibulum
429,jcasiniji,browstond0,2023-08-21,59.01,ultrices aliquet maecenas leo odio condimentum id
430,bgaughan36,sbrasted80,2022-08-28,86.59,nisi nam ultrices
431,vgengeip,bgerkens3g,2022-09-20,11.44,elementum ligula vehicula consequat morbi a ipsum integer a
432,hlongrigg39,nlegrand68,2023-04-20,40.46,mus
433,blutton2b,kbransomlz,2022-04-23,60.23,lobortis est phasellus sit
434,wmacilurickmh,mgiovannoni48,2023-03-18,80.5,blandit nam nulla integer pede justo lacinia eget tincidunt
435,gheyfield7f,tcottish7,2023-09-30,47.44,non ligula pellentesque ultrices phasellus id sapien in sapien
436,ccoldridgede,pcabbelli8,2022-05-31,13.68,sed magna at nunc commodo placerat praesent blandit
437,csarjant47,tbrambell7l,2023-09-14,20.46,libero nullam sit amet turpis elementum ligula vehicula consequat morbi
438,eedward9a,brayburn9u,2023-06-08,85.07,eu orci mauris lacinia sapien
439,tbrusinhi,aredhillsjr,2023-07-22,75.68,ante vel ipsum praesent blandit lacinia erat
440,ebuntinmn,pcoyne4l,2023-12-18,67.31,pretium quis lectus suspendisse potenti
441,bfarnhille5,nbroganx,2024-04-05,40.07,bibendum imperdiet nullam orci pede
442,lwallbankscm,rdelorenzohq,2022-11-27,93.94,eget semper rutrum nulla nunc
443,kbyresa6,dfordmd,2023-01-01,39.74,ante
444,elaveryck,yguiduzzihz,2022-11-27,58.8,habitasse platea dictumst etiam faucibus
445,csymcoxgg,mjeffbd,2023-12-23,78.25,ante ipsum primis in faucibus orci luctus
446,rbaymanjf,nmongeotd8,2024-02-01,14.98,vehicula consequat morbi a ipsum
447,crenoufaa,mjohanssenrn,2022-12-11,19.01,ridiculus mus etiam vel augue vestibulum rutrum
448,mloveguardhr,cpengelleybb,2022-10-08,70.39,sapien quis
449,ademangeotbl,epinelb9,2022-04-19,28.4,dui nec nisi volutpat
450,ldillawayf6,aoxbiema,2023-03-07,9.16,praesent lectus vestibulum quam sapien varius
451,llesper7r,kalibertib5,2024-04-08,72.9,ipsum primis in
452,iconnettc7,wpetrou85,2023-02-28,17.82,ut tellus nulla ut erat id mauris
453,fdrinkhill6p,cnovakovice7,2022-10-24,4.72,suscipit nulla elit ac nulla sed vel enim sit
454,csurmeyersfb,rallsoppi0,2024-03-17,80.03,lacinia aenean
455,jkubickar5,doscanlanqw,2022-10-24,43.02,nonummy integer non
456,mgiovannoni48,pswinnw,2023-04-05,19.58,morbi vel lectus
457,fteek1,vmcallank,2022-06-17,89.69,porttitor lorem id ligula suspendisse ornare consequat
458,awandtkepc,grovecu,2023-09-28,52.29,consectetuer adipiscing elit proin interdum mauris non
459,cclutheramkt,afilesmg,2022-12-17,20.51,maecenas leo
460,bkernellqp,lcaughtbc,2024-03-26,46.97,morbi quis tortor id nulla ultrices aliquet
461,gsodengf,dhancornni,2023-07-14,2.82,mauris viverra diam vitae quam suspendisse potenti
462,dsomervilleh5,cpengelleybb,2022-08-01,12.59,vestibulum rutrum rutrum neque
463,adrucen0,bgaughan36,2022-08-17,11.21,sollicitudin vitae consectetuer eget rutrum at lorem integer tincidunt ante
464,cpengelleybb,mgoodbarrhn,2023-05-27,91.08,ligula nec sem duis aliquam
465,etolcher98,colenin3d,2023-08-24,66.97,morbi sem mauris laoreet ut rhoncus aliquet
466,rscolef5,jraddin1q,2022-10-20,3.09,orci luctus et ultrices
467,brigbye7d,cpagon7s,2023-01-08,66.36,diam erat fermentum
468,mglydece,rdenmanb4,2023-03-10,10.12,eu sapien cursus vestibulum proin eu mi nulla
469,lfoskew31,lbransom41,2022-08-31,24.52,quisque arcu libero rutrum ac lobortis vel
470,cbrontmk,cdegoixfv,2022-10-01,1.06,magna bibendum imperdiet nullam orci pede
471,abullickdz,jcoey1s,2022-09-16,94.76,sodales scelerisque mauris sit amet eros suspendisse
472,ggeeraert8p,chobell4z,2023-06-20,88.72,sagittis sapien cum sociis natoque penatibus et magnis dis
473,bpoundsford3h,htointon4i,2022-10-13,51.0,posuere cubilia curae nulla dapibus dolor vel est
474,randrejevicl1,gnegus7g,2022-05-19,30.27,mus vivamus vestibulum sagittis sapien
475,mseversan,ibisseker9j,2022-08-23,98.99,ante ipsum
476,acredlandm3,bvasilyonoknx,2022-06-18,83.65,rhoncus sed vestibulum
477,tpincottcy,dwaszczykap,2023-07-19,66.88,rutrum rutrum neque aenean auctor gravida sem praesent id massa
478,mlengletkp,asmoutenjp,2023-01-16,96.74,luctus et ultrices posuere cubilia
479,mgealy4b,weastabrookqh,2022-09-24,37.62,nullam varius nulla facilisi
480,flambshine1o,ahenrionj,2024-04-13,15.97,vel augue vestibulum ante ipsum primis in faucibus orci
481,taspitalh1,eixer4a,2022-11-08,10.71,convallis eget eleifend luctus ultricies eu
482,ryantsurevnc,jzahori3,2022-08-05,28.88,lobortis ligula sit amet eleifend pede libero quis
483,mseversan,freye3e,2023-11-20,33.2,dapibus at diam nam tristique
484,agueste6,cnewsteadqy,2022-11-30,90.73,ut erat
485,sfabernq,astoppegz,2022-08-12,31.42,ipsum primis in faucibus orci luctus
486,jpheasantak,bsmickle99,2022-04-19,7.12,hac habitasse platea dictumst aliquam
487,bparris7e,ddunabie5j,2023-04-02,7.27,consectetuer adipiscing
488,lwallbankscm,boddboyfy,2022-12-26,70.03,mi in porttitor pede justo eu massa donec dapibus duis
489,dshipcotta4,mbellingeria,2023-09-03,41.64,aenean fermentum donec ut mauris eget massa tempor convallis
490,bmawdp0,eixer4a,2023-06-28,87.24,donec pharetra magna vestibulum aliquet ultrices erat tortor sollicitudin mi
491,fgerty5o,cspencleygl,2023-02-12,35.95,purus phasellus in felis donec semper
492,ddunabie5j,psendallnm,2023-02-17,32.97,a ipsum integer a nibh in quis justo maecenas
493,shennerfi,lwardingtonay,2022-09-16,69.34,in faucibus orci luctus et
494,wvancastele6i,mwallend6,2023-06-12,38.05,nunc donec quis orci eget orci vehicula condimentum curabitur
495,bcunniamez,jrisbiep4,2022-11-14,14.98,justo pellentesque
496,kgrevelg8,jsimonaitis52,2024-01-27,72.99,lacinia sapien quis libero nullam
497,ncowerndu,dsillettcp,2024-03-11,46.68,proin eu mi nulla ac enim
498,jkubickar5,lpeytopx,2024-03-06,43.61,justo nec condimentum neque sapien placerat ante
499,mayto4j,edrinkelbh,2023-04-08,40.75,tellus
500,ncowerndu,nbroganx,2023-10-26,22.47,hac habitasse platea dictumst
501,gskatcher4h,dackers9f,2023-09-19,75.92,vel augue vestibulum ante
502,agueste6,dbonnifacei4,2023-06-20,38.47,erat
503,bfarnhille5,jewersfm,2022-05-31,59.05,ipsum primis in faucibus orci
504,vkeaysell9s,wdawidowiczdp,2023-12-31,54.62,nec
505,lpattledr,cgentiryil,2022-05-11,9.79,fermentum justo nec condimentum neque sapien placerat ante nulla justo
506,ewindless3j,wpetrou85,2022-07-14,41.07,mauris vulputate
507,smacmasteret,nbernette56,2023-04-29,19.61,lacus curabitur at ipsum ac tellus semper interdum mauris
508,wespinhahy,fbonhommehm,2023-07-27,77.59,praesent id massa id nisl
509,eshelf13,rbaymanjf,2023-05-27,68.21,ante ipsum primis in
510,ebrunsenej,bfarnie3t,2022-09-26,80.78,sem
511,mhagerty3s,jverdyll,2022-09-04,24.01,luctus rutrum nulla tellus in sagittis dui vel
512,bfrostickiw,bahlfi,2022-12-09,53.32,quam nec dui luctus rutrum nulla
513,pmatyukon6s,ajoeor,2023-03-28,21.31,volutpat sapien arcu
514,cgentiryil,wkondratenya4k,2022-08-27,42.28,imperdiet sapien urna pretium nisl ut
515,rfulkpw,slamploughbe,2024-01-06,30.74,faucibus orci luctus et ultrices posuere cubilia curae mauris viverra
516,babilowitznk,cbaudonee0,2023-01-20,91.03,sapien cursus vestibulum proin eu mi nulla ac
517,hlongrigg39,dblabeydw,2023-01-29,86.36,neque sapien placerat ante
518,jgierlf,jolivarigt,2022-11-20,55.67,lobortis convallis tortor risus dapibus augue
519,fdongallgk,ndmitric,2023-07-03,38.14,quisque arcu
520,hdunsmuirb7,hwoodhouse1p,2022-09-14,31.46,in lacus curabitur at ipsum ac tellus semper interdum mauris
521,vmcallank,fmesant2q,2022-05-17,52.68,nulla ac enim in tempor turpis nec
522,aoxbiema,istirripco,2023-05-07,75.85,sit amet sem fusce consequat nulla nisl nunc nisl
523,gdanielskial,sflahivebi,2023-03-20,90.57,pharetra
524,hrobertelliqn,ksprottj1,2023-10-01,82.19,mauris enim leo rhoncus
525,fbellefonte45,gbrooksbynl,2022-05-02,9.03,nisi nam ultrices libero non mattis pulvinar nulla
526,rheibel2j,afeldberglc,2023-11-20,64.38,at ipsum ac tellus semper interdum mauris ullamcorper purus
527,lwithringtenov,cdanilyukiq,2024-02-23,18.9,in leo maecenas pulvinar lobortis est
528,triolfoeb,pwhitesideml,2024-01-25,86.43,dolor morbi vel lectus in quam fringilla rhoncus
529,stomlins88,slabbey5i,2022-05-16,55.31,nunc rhoncus dui vel sem sed
530,lcossamnf,lmucklofw,2022-12-28,10.29,eleifend quam a odio in hac
531,hlongrigg39,kquick6j,2023-02-24,25.19,non
532,lcossamnf,gpresnailb,2024-01-15,79.26,nisl venenatis lacinia aenean sit amet justo
533,wshelbournejc,sgreenfieldd9,2022-05-16,51.09,aliquam augue quam sollicitudin vitae consectetuer eget rutrum at lorem
534,mgiovannoni48,wworsnipj0,2022-06-05,97.98,cubilia curae donec pharetra magna vestibulum aliquet ultrices erat tortor
535,rmolencb,fgerty5o,2023-07-22,91.5,nulla ac enim in tempor turpis nec euismod
536,mmoscon65,cdanilyukiq,2023-10-22,65.03,integer aliquet massa id lobortis convallis tortor risus dapibus augue
537,sgrigson23,asutherleyfk,2023-07-19,61.85,lorem integer tincidunt ante vel ipsum praesent blandit lacinia
538,hrobelowjh,nmeriguet21,2022-12-26,3.59,orci nullam molestie nibh in lectus pellentesque
539,mcasiero4s,mbinghambs,2022-06-14,56.33,ante nulla justo aliquam quis turpis eget elit
540,egothuppq,ptytcombb8,2022-05-18,35.28,amet sem
541,gdarwenjw,jgunnellqo,2022-07-18,78.13,quam sapien
542,kjaeggioe,gmclurgn8,2022-04-24,31.73,cubilia curae donec pharetra magna vestibulum aliquet ultrices erat
543,wkondratenya4k,cfritschelf0,2023-12-18,96.38,et commodo vulputate justo in blandit
544,nolekpy,zbrosiooc,2023-04-27,77.84,donec diam neque vestibulum eget vulputate ut ultrices vel augue
545,ksimonougw,bvampouilleod,2024-01-30,28.93,quis tortor id nulla
546,ebuntinmn,mbullenekv,2022-08-10,24.76,ac tellus semper interdum mauris ullamcorper purus sit amet nulla
547,rgabrielygo,ylampart6t,2023-10-29,68.59,praesent lectus vestibulum quam sapien varius
548,ebrunsenej,nkeeltaghj2,2022-11-16,94.2,ullamcorper augue a suscipit nulla elit ac nulla
549,jgrasha8n,dbramsomdk,2022-09-18,98.95,justo
550,dtidmasn2,dolomancd,2022-05-19,54.81,mauris
551,jgrasha8n,amaccrae3n,2024-03-29,14.72,varius nulla facilisi cras non velit nec nisi vulputate
552,yguiduzzihz,vgoggey75,2023-11-09,65.45,ante vivamus tortor duis mattis egestas metus aenean
553,yguiduzzihz,lmaccoveney5q,2023-08-14,81.98,imperdiet et commodo vulputate justo in
554,cwimpress2p,sbreslanera,2023-01-25,31.06,ut suscipit a feugiat et eros
555,mbjerkan8d,dsammonrf,2023-10-10,64.57,orci eget orci
556,pcoots7w,ckarlsson2m,2022-06-11,23.8,non interdum in ante vestibulum ante ipsum primis in
557,reubankmy,ryantsurevnc,2024-04-14,13.81,eros vestibulum
558,sfishendenj3,brayburn9u,2023-12-15,11.21,sapien sapien non mi integer ac neque duis bibendum
559,ksimonougw,sserrelse3,2022-09-08,70.1,sit amet sem fusce consequat nulla nisl nunc nisl
560,ccrummaydy,dhancornni,2024-01-17,54.45,odio porttitor id consequat in consequat ut
561,aeakeht,pwhitesideml,2022-04-17,9.16,in faucibus orci
562,tpincottcy,mmeadway44,2023-03-10,94.69,lorem vitae mattis nibh
563,hlearoiddl,sspaxmancg,2023-06-11,96.75,erat curabitur
564,ahedank7,wtwigginslr,2023-05-18,8.55,nulla tempus vivamus in felis eu sapien
565,cmaydwellj6,fbarrett7t,2023-05-10,31.09,et commodo vulputate
566,shartink0,jdanilenkok2,2023-11-16,61.69,nulla
567,dsomervilleh5,ptenneymx,2023-08-05,96.18,vestibulum
568,jgunnellqo,mwrittleb0,2023-04-05,31.14,vel sem sed
569,triolfoeb,apittway1t,2022-12-10,75.49,risus semper porta volutpat
570,idowrey35,sbriseqq,2023-04-18,86.93,augue vel accumsan tellus nisi eu
571,sollifffe,hdurantenn,2023-09-10,35.1,cubilia
572,abiddell3f,tbrambell7l,2022-11-03,42.38,a nibh
573,cnovakovice7,fregusi9,2023-06-25,45.04,imperdiet et commodo vulputate justo in blandit ultrices
574,hkapelhoffk4,cstanbroca,2023-06-26,76.36,aliquet ultrices erat tortor sollicitudin mi sit
575,bvela58,nlabrowh4,2023-07-19,43.61,velit nec nisi vulputate nonummy maecenas tincidunt lacus at
576,cbogaertc,fcraigmylemz,2022-07-08,60.09,pede lobortis ligula sit amet eleifend pede libero quis orci
577,bhastie8h,apittway1t,2022-08-09,99.46,arcu adipiscing molestie hendrerit at vulputate vitae nisl aenean
578,pmatyukon6s,adelamarjq,2023-02-26,45.31,suscipit a feugiat
579,ptytcombb8,gbarnaby6z,2024-01-29,83.23,quis justo maecenas rhoncus aliquam lacus
580,jchristoffebz,csemken2o,2023-04-12,46.18,ipsum primis in faucibus orci luctus et ultrices posuere
581,nhaskerpd,kbyresa6,2023-09-24,11.45,eu est congue elementum in hac habitasse platea dictumst
582,dugoim,bdodds5l,2023-06-15,1.46,mauris enim leo rhoncus sed vestibulum
583,maspallgu,jmatussevichrd,2022-07-06,90.21,quisque porta volutpat erat quisque erat eros viverra eget
584,njupp4p,preahkz,2022-12-19,93.43,eu est congue
585,bhierroy,nkeeltaghj2,2023-04-10,56.94,libero convallis eget eleifend luctus ultricies eu
586,bfranzolig0,wkondratenya4k,2023-07-11,34.45,cum sociis natoque penatibus et
587,bfarnie3t,sajamp2,2024-04-10,6.0,in lacus curabitur at ipsum ac tellus semper
588,gmault97,mledekkercw,2023-10-28,94.76,amet eleifend pede
589,dstreakoz,ntegler2u,2022-04-27,38.51,et eros vestibulum ac
590,drylandsqe,battockd7,2022-05-02,97.1,a
591,bgrahame9,reubankmy,2024-02-17,59.42,convallis nulla neque libero convallis
592,sacton9e,ccrummaydy,2023-05-07,59.56,magna vestibulum aliquet ultrices erat tortor
593,cpengelleybb,gpresnailb,2023-04-15,87.24,eu sapien cursus vestibulum
594,sphayrefp,gheyfield7f,2022-10-09,56.96,quisque porta volutpat erat quisque erat eros viverra eget
595,ngosslinga1,vsterman7n,2023-07-25,98.59,feugiat et eros vestibulum ac est lacinia
596,nbigbybn,tlorensct,2023-03-09,72.8,eget rutrum at lorem integer tincidunt ante vel ipsum
597,dloyd72,esnarr9q,2023-09-13,36.77,interdum eu tincidunt
598,edyter6k,eprestneyai,2022-04-25,90.12,purus eu magna vulputate luctus cum sociis natoque
599,jrenzini2v,clonsbroughis,2023-07-19,7.24,nisi vulputate nonummy maecenas tincidunt lacus
600,reymermt,ldillawayf6,2022-12-10,52.56,orci mauris lacinia sapien quis libero
601,cghiony,achugg2c,2023-03-21,80.56,quisque erat eros
602,sreimersq9,bparris7e,2024-02-19,28.55,arcu sed augue aliquam
603,lweavillnv,eleggs9h,2022-06-11,45.5,vulputate ut ultrices vel augue vestibulum
604,alehuquetdn,vfingletonl0,2023-09-22,31.04,posuere nonummy integer non velit donec diam neque
605,sgrattenab,ewidmoor1d,2023-06-21,51.93,vel sem sed sagittis nam congue risus
606,cmeadowcraftqd,sbergstranddb,2023-09-27,94.45,at nunc commodo placerat
607,tlorensct,nfawdriee9,2023-08-12,53.31,pulvinar nulla pede ullamcorper augue a suscipit nulla elit
608,twasielae8,bparris7e,2022-09-04,40.85,odio elementum eu interdum eu
609,mmeadway44,mspeight5,2022-11-11,21.4,amet consectetuer adipiscing elit
610,skuhn15,ihasseklk3,2024-02-09,97.5,ut
611,npullerac,spedrozzijn,2023-11-20,73.54,sapien dignissim
612,rscuttsnp,erufflesro,2023-06-22,6.33,magna vestibulum aliquet ultrices erat tortor sollicitudin
613,gexter1k,lcanizaresnu,2023-06-24,92.25,quam sollicitudin vitae consectetuer eget
614,mlenzq0,twindrass6h,2024-03-29,69.69,nulla elit ac nulla sed vel
615,npullerac,oocriganaq,2023-11-06,87.88,in faucibus orci luctus
616,tbraidwood8c,etroutgc,2023-07-25,88.79,vestibulum ante
617,lhansonlo,tlewerenzr3,2023-05-09,23.24,cubilia
618,srosenfeld7a,ebritlandj5,2023-09-17,66.83,vestibulum proin eu mi nulla ac
619,bsmickle99,apiggrem8y,2023-12-31,64.37,ultrices
620,jimpeyjs,wcaughtkb,2024-02-03,3.03,vestibulum ante ipsum primis in faucibus orci
621,pmcglashanfz,lmucklofw,2023-10-14,99.43,vestibulum sed magna at nunc commodo placerat praesent
622,ajahnsps,cburginn,2023-12-08,38.25,eget eleifend luctus
623,edollimorej9,cleavens6x,2022-09-28,1.2,aenean
624,mmardoll3o,srosenfeld7a,2022-08-13,17.51,vel lectus in quam fringilla
625,awybornok,abeateyir,2023-04-11,48.43,molestie hendrerit at
626,jgallehockbf,weastabrookqh,2022-08-15,34.14,proin leo odio
627,edyter6k,rcarbertlm,2022-04-21,68.27,vel enim sit amet nunc viverra dapibus nulla suscipit ligula
628,kgirauldbm,gpresnailb,2023-11-14,28.77,justo aliquam quis turpis eget elit
629,emaesoi,welstoni5,2022-09-01,95.15,pellentesque eget nunc donec quis orci eget orci
630,ryantsurevnc,nbellini6y,2022-10-15,15.46,ac neque duis bibendum morbi non
631,scamachocl,bgerkens3g,2023-12-10,5.21,at
632,jabramamovh7,cmaydwellj6,2023-11-15,85.15,mus vivamus vestibulum sagittis sapien cum
633,bvampouilleod,jcardall2n,2024-03-19,85.71,et
634,tvennartec,dtugmanlv,2022-12-22,30.59,suspendisse ornare consequat lectus
635,cdegoixfv,mloveguardhr,2023-04-29,27.97,elit proin
636,lbidmeadnj,ggeeraert8p,2022-05-09,14.78,mauris viverra diam vitae quam suspendisse potenti nullam porttitor
637,gnegus7g,atanted3,2022-04-19,43.63,dui luctus rutrum nulla tellus
638,jolandou,rbroderickqm,2022-11-27,26.08,vitae nisl aenean lectus pellentesque
639,dpuntonf2,tbrusinhi,2024-01-27,12.32,libero quis orci nullam molestie nibh
640,rlucchir1,sajamp2,2022-11-03,97.74,lacinia eget tincidunt eget tempus vel pede morbi
641,mahrenius4v,jgallehockbf,2022-06-15,15.27,luctus ultricies eu nibh
642,alarivegi,gcasoniqj,2024-01-11,47.51,semper est quam pharetra magna ac
643,mbarabischpl,mcollyns0,2024-01-18,35.52,purus eu magna vulputate luctus
644,aoxbiema,sraggattno,2023-08-13,12.73,aliquam
645,fbellefonte45,nbroganx,2022-11-12,88.34,lacus curabitur at ipsum ac tellus semper interdum mauris ullamcorper
646,agair22,gitzakea,2023-06-11,68.66,quam suspendisse potenti nullam
647,bdouberday9r,esarfatifq,2023-05-14,23.75,odio
648,mlenzq0,mbalmadierqr,2023-05-14,27.02,vitae mattis nibh
649,dbellard4d,fbonhommehm,2023-06-10,3.62,mi nulla ac enim in tempor turpis nec euismod scelerisque
650,csnugg1v,lweavillnv,2022-04-25,70.57,imperdiet et commodo vulputate justo in
651,ljosilowski4r,wcaughtkb,2023-02-16,55.8,suspendisse potenti cras in purus
652,twindrass6h,bdouberday9r,2022-06-27,48.95,a odio in
653,apiggrem8y,jbingejy,2022-05-12,51.53,nulla elit ac nulla sed vel
654,ktruterq1,sflahivebi,2024-02-24,75.48,tincidunt eget tempus vel pede morbi
655,tcottish7,fmaddafordga,2023-01-12,43.05,morbi
656,gcasoniqj,ldunlapa3,2022-07-21,50.85,ipsum dolor sit amet consectetuer adipiscing elit proin risus
657,randrejevicl1,shutsby8z,2022-07-06,69.08,vestibulum rutrum rutrum neque aenean auctor gravida sem
658,owroughton25,ngosslinga1,2022-05-01,57.7,nisl nunc rhoncus dui vel
659,cismeadq4,sbrithmanpb,2023-05-04,41.56,blandit lacinia erat vestibulum sed
660,haudusn4,hgossanrr,2022-09-08,87.06,interdum venenatis turpis enim blandit
661,krosenboim7j,vkainefg,2022-11-24,26.6,sapien placerat ante nulla justo aliquam
662,ksprottj1,sbriseqq,2023-05-30,36.39,ipsum primis in faucibus orci luctus et
663,lbransom41,kbyresa6,2022-05-01,37.76,ipsum primis in faucibus orci luctus et ultrices posuere
664,gdanielskial,dscardifeildpi,2022-07-31,87.02,amet nunc
665,hrobelowjh,mstagg38,2023-03-27,8.0,semper sapien a libero
666,chundall54,bhavilldo,2022-07-07,15.15,ultrices erat tortor
667,eixer4a,kheijneqc,2023-07-29,28.98,semper est quam pharetra magna
668,csherebrookec5,aaskemhv,2023-04-23,72.53,quis libero nullam sit
669,klappiniu,ygillana0,2023-07-26,9.39,vel lectus in quam fringilla rhoncus mauris enim
670,singreml3,rhallewell5c,2023-02-02,62.59,quis orci eget
671,goharneyoy,rmolencb,2022-11-16,67.88,ultricies eu nibh
672,eswinerd5x,rbaymanjf,2022-11-27,94.34,libero nam dui
673,jboyesjj,bsyvret8v,2024-01-15,4.19,natoque penatibus et magnis dis parturient montes nascetur ridiculus
674,amcinultyq6,rmanuellip,2022-05-21,16.23,magna
675,kgarfirth60,rwilshirehk,2023-02-22,94.88,orci luctus et ultrices posuere cubilia curae donec
676,dpuntonf2,dtreskep6,2024-03-07,64.18,in hac habitasse platea dictumst
677,mdandocj,rbatsfordg1,2023-05-25,48.45,nec nisi volutpat eleifend donec ut
678,bfitchettda,tgirod6d,2023-12-09,97.48,curae nulla
679,nbroganx,pcabbelli8,2022-11-22,90.35,consequat metus
680,mvenny4o,oocriganaq,2023-09-26,39.49,nisi vulputate nonummy maecenas tincidunt lacus at velit vivamus
681,kgirauldbm,dolssonam,2024-03-25,72.04,aliquam quis turpis eget elit sodales scelerisque
682,aaskemhv,wtwigginslr,2024-03-29,57.04,augue vestibulum ante ipsum primis in faucibus orci luctus
683,alangelaanek,ewidmoor1d,2022-05-06,45.33,nibh quisque id justo sit
684,crenoufaa,lluetkemeyer8f,2022-09-07,95.32,non mi integer ac neque duis bibendum
685,rjurzyknd,epinelb9,2023-11-01,80.15,auctor sed tristique in tempus sit amet sem
686,mflorey1b,rmaccostigan10,2024-02-03,42.54,volutpat quam pede
687,jbestiman3z,rmecozzibg,2023-08-05,47.98,erat quisque erat eros viverra
688,mglydece,ewiddup1f,2022-11-12,48.0,cras mi pede malesuada in imperdiet
689,rpratleyoo,doscanlanqw,2022-06-14,91.74,aliquet
690,neverleigh1c,ftidbaldp8,2022-10-14,7.24,in libero ut massa volutpat convallis morbi odio
691,msatterthwaite8j,rmolencb,2023-03-29,83.73,tortor
692,criccionech,doldershawmc,2024-01-10,20.07,pellentesque
693,mmoscon65,jsimonaitis52,2023-04-14,4.7,neque vestibulum eget vulputate ut ultrices vel augue vestibulum
694,bneil9p,gceneyrc,2023-08-29,39.46,nibh quisque id justo sit amet sapien
695,adrucen0,anaden8s,2023-02-10,30.46,in hac habitasse platea dictumst
696,bvela58,cheathwoodff,2023-11-16,59.39,turpis nec euismod scelerisque quam
697,chewkinlj,jewersfm,2023-02-12,78.91,eget elit sodales scelerisque mauris sit amet eros suspendisse accumsan
698,jolandou,dbramsomdk,2023-01-06,50.51,ultrices phasellus id
699,aaubraypk,mwallend6,2022-08-21,89.67,at feugiat non pretium quis
700,bsadler6u,hpaviamp,2023-07-15,71.1,id luctus nec molestie
701,gtedorenko5y,stavernoreh,2024-01-09,41.9,sed ante vivamus tortor duis mattis egestas metus aenean
702,cautrie3x,ssandeverp1,2022-04-17,69.61,nulla sed vel enim sit amet
703,bhastie8h,mflorey1b,2022-10-17,17.92,sed lacus morbi sem mauris laoreet ut
704,otabbernorot,abridgeag,2023-11-22,29.23,nec euismod scelerisque quam turpis adipiscing
705,hmartinezq5,bfarnie3t,2024-01-27,12.63,amet eros suspendisse accumsan tortor quis turpis sed ante
706,gdanielskial,hgirkelh,2022-05-12,39.69,congue etiam justo etiam pretium iaculis
707,jpreist8q,ryantsurevnc,2023-07-11,12.33,eget massa tempor convallis nulla
708,abeateyir,lmucklofw,2023-02-19,31.64,cras mi pede malesuada in imperdiet
709,lgusneyik,dhoggettsm5,2023-09-06,50.11,non lectus aliquam sit amet
710,bvampouilleod,tcottish7,2024-02-09,3.05,amet eros suspendisse accumsan tortor quis turpis
711,wpetrou85,ipropper8t,2023-03-02,85.11,ipsum dolor sit
712,sbrasted80,lmozzettia8,2023-09-23,97.62,neque
713,jolandou,llesper7r,2022-10-04,70.4,ipsum integer a nibh in quis justo maecenas
714,pcoots7w,slamploughbe,2023-11-24,59.7,vestibulum proin eu mi nulla ac enim in tempor
715,jcropp5h,mgenikeng,2022-10-04,49.22,ultrices phasellus id
716,ctolomellir,emaesoi,2022-10-30,15.53,posuere metus vitae
717,ahedank7,hcoultongm,2022-05-10,8.59,nec molestie sed justo pellentesque viverra pede ac
718,xvye43,jwaleworkelu,2024-03-12,10.1,luctus nec molestie
719,mflintoft8r,erufflesro,2024-03-23,37.73,in consequat ut nulla sed accumsan felis
720,amacanefc,mfashion2h,2022-06-16,51.96,purus aliquet at feugiat non pretium quis
721,awatermanmi,abeateyir,2022-09-24,14.03,lacinia nisi venenatis tristique fusce congue diam
722,mspeight5,lgusneyik,2023-08-14,92.04,ipsum ac tellus
723,kheijneqc,abaguleyln,2023-01-24,18.55,sagittis dui vel nisl
724,vkensetgd,bhavilldo,2023-12-03,30.9,nec nisi vulputate nonummy maecenas
725,ggoodinson9k,eproschke5r,2024-02-03,75.47,in lectus pellentesque
726,zdawksrj,criccionech,2023-05-24,21.09,eros viverra eget congue eget semper
727,fmesant2q,rscuttsnp,2023-02-09,41.75,augue vestibulum rutrum
728,jdudeneyl8,imateuszczyk9i,2024-03-07,19.13,dapibus nulla suscipit
729,esolwaycn,mtenbyjx,2023-04-09,77.44,sit amet consectetuer adipiscing elit proin risus praesent lectus
730,eskippings1w,anancekivellre,2022-08-17,52.48,luctus
731,ibisseker9j,welstoni5,2022-05-05,91.6,vel enim sit amet nunc viverra dapibus
732,ggookepu,eproschke5r,2022-11-17,67.23,nunc donec quis orci eget orci vehicula condimentum curabitur
733,lhansonlo,fmesant2q,2022-11-14,49.82,suscipit ligula in lacus curabitur at
734,bbittlestonegb,lkynderqt,2022-10-10,1.63,nulla mollis molestie lorem
735,battockd7,mpillifantnr,2023-01-02,15.32,id ligula suspendisse ornare consequat lectus in
736,ftakle2i,ybuchammo,2023-08-26,64.84,eleifend quam a odio in hac habitasse platea dictumst maecenas
737,dbohlinku,nbigbybn,2024-03-08,32.74,in magna bibendum imperdiet nullam orci pede venenatis non
738,jkubickar5,kpistol7q,2022-05-04,31.32,et ultrices posuere
739,bdouberday9r,dpapacciopn,2024-04-07,87.31,et ultrices
740,ademangeotbl,mkirtlan79,2023-04-24,73.25,mi pede malesuada in imperdiet et commodo vulputate justo
741,mtenbyjx,wvancastele6i,2022-08-19,9.21,nulla neque libero convallis eget
742,anancekivellre,abullickdz,2022-06-25,51.39,fermentum donec ut mauris eget massa tempor convallis nulla
743,eguddept,afeldberglc,2023-03-02,89.0,aenean fermentum donec ut mauris eget
744,imarrison1y,dbellard4d,2022-07-17,12.39,purus
745,skreutzera9,rmaccostigan10,2024-01-30,85.9,in faucibus orci luctus et
746,bfrostickiw,mmilnesds,2023-04-29,95.43,in
747,ffauguel2l,nhaskerpd,2024-03-13,1.83,suscipit nulla elit ac
748,wferreiradi,etroutgc,2023-10-21,11.5,volutpat eleifend donec ut
749,vgengeip,mcollyns0,2023-04-25,15.45,orci
750,fsalvidge3p,egothuppq,2022-08-25,98.17,luctus cum sociis natoque penatibus et
751,owhaymandpz,kwoodroofelb,2024-03-13,59.45,varius
752,kwebsdaleix,smacmasteret,2023-11-29,56.71,integer a nibh in quis justo maecenas
753,ycejkan6,fmaddafordga,2022-09-05,1.53,augue vel accumsan tellus
754,amatschekqz,etolcher98,2023-10-30,22.68,fusce posuere
755,ckellart7p,freye3e,2022-08-06,10.92,consectetuer eget
756,idowrey35,bpleadeney,2023-03-04,60.09,sociis natoque penatibus et magnis dis
757,doldershawmc,pletson9c,2023-04-28,87.47,urna pretium nisl
758,hlearoiddl,mmccullockbv,2022-05-05,52.03,congue risus semper porta volutpat quam pede
759,abrechin8i,wimpy6l,2022-05-14,68.87,in lacus curabitur at ipsum ac tellus semper interdum
760,crapidj,ffauguel2l,2023-04-23,80.27,integer tincidunt ante vel ipsum praesent blandit
761,aaubraypk,wvandenoordhl,2023-10-15,28.53,et eros vestibulum ac est lacinia
762,emyttonfr,ademangeotbl,2023-12-11,34.83,proin risus praesent lectus vestibulum quam
763,abaguleyln,bstirripew,2022-08-09,31.7,in blandit ultrices enim lorem ipsum dolor sit amet
764,nmongeotd8,tsamplesm2,2022-05-20,62.07,auctor sed tristique in tempus sit amet sem fusce
765,wvancastele6i,pbann7c,2022-06-01,89.99,turpis donec posuere metus vitae ipsum aliquam non mauris
766,cmcrae2w,jdabourne8b,2022-12-21,56.75,malesuada in imperdiet et
767,mjeffbd,mseversan,2024-01-29,95.96,ipsum aliquam
768,mcammis6a,lhaightonhs,2023-05-16,2.58,nunc commodo placerat praesent blandit nam nulla integer
769,anarducci2t,evedyasov4m,2024-01-01,29.09,amet
770,cellishd,jbockettei,2022-09-18,38.54,hac habitasse platea dictumst aliquam augue quam
771,mdellabbateij,aaland2,2023-08-28,6.68,pretium quis lectus suspendisse potenti in eleifend quam a odio
772,espoltonke,pwansburybu,2023-02-07,15.16,ipsum primis in faucibus orci luctus et ultrices posuere
773,vsterman7n,ihuxhamos,2022-07-14,5.98,turpis sed ante
774,elaveryck,istirripco,2022-05-02,49.94,scelerisque quam turpis adipiscing lorem vitae mattis nibh ligula
775,atanted3,pdobrowolski50,2023-04-23,87.67,tempor convallis nulla neque
776,dsammonrf,clicciardi1u,2022-11-14,82.2,enim
777,ahowden3b,msatterthwaite8j,2022-06-05,1.73,cursus vestibulum proin eu
778,aaubraypk,saitchison5g,2023-11-16,3.62,eget nunc
779,abridgeag,akeyserrg,2022-10-30,36.66,felis eu sapien cursus vestibulum proin eu mi nulla ac
780,ebrunsenej,tgreaterexge,2022-09-21,85.87,neque aenean auctor
781,fsalvidge3p,fbarrett7t,2023-12-26,20.54,posuere cubilia
782,semonspo,pswinnw,2023-10-04,73.77,mauris laoreet ut rhoncus aliquet pulvinar
783,amatoninj8,dyesson49,2022-10-26,56.43,non ligula pellentesque ultrices phasellus id sapien
784,cbaudonee0,dgrzelczykl4,2022-09-10,8.02,lobortis convallis tortor risus dapibus augue
785,eczyzep,weastabrookqh,2023-08-21,75.27,eu felis fusce posuere
786,gceneyrc,bvasilyonoknx,2023-06-07,40.87,augue aliquam erat volutpat in congue etiam
787,pmcglashanfz,mzanetellof9,2022-12-04,20.79,luctus et
788,bgoodluck4c,anarducci2t,2022-05-24,83.97,sapien non mi integer ac neque duis
789,pcoots7w,selsombr,2022-05-12,83.66,maecenas ut massa quis augue luctus tincidunt
790,doldershawmc,lpeytopx,2024-02-15,71.19,nam nulla integer pede justo lacinia eget tincidunt eget tempus
791,slaneham5a,cstollwerckj7,2024-01-19,78.84,placerat ante
792,ipropper8t,kbergerb2,2022-08-26,60.08,nunc commodo placerat praesent
793,yreichartzh3,mconkay9y,2022-09-04,13.46,tincidunt lacus at
794,eduffree66,jclaworthib,2022-11-30,11.54,tempus sit amet sem fusce consequat
795,bsmickle99,chrihorovichhp,2022-06-07,78.14,maecenas leo odio condimentum id luctus nec molestie
796,smarkovichhj,acroydonfo,2022-06-17,60.24,amet turpis
797,ihuxhamos,jbingejy,2023-05-28,27.07,duis bibendum felis
798,acornelykq,ldillawayf6,2023-07-29,92.56,orci pede
799,umangionf1,dcoldham59,2022-09-19,88.97,feugiat et eros vestibulum
800,rcovotto8m,dscardifeildpi,2022-08-19,99.19,in faucibus orci luctus et ultrices posuere
801,homarat,lhydei7,2022-12-01,67.48,cras mi pede malesuada in imperdiet et commodo
802,rmaccostigan10,istirripco,2024-03-07,14.2,habitasse platea dictumst morbi
803,amacanefc,browstond0,2022-05-01,81.45,diam cras pellentesque volutpat dui maecenas tristique
804,ggeeraert8p,mvenny4o,2023-01-18,23.14,congue vivamus metus arcu
805,rbeurichiz,ngavahanfl,2022-06-03,99.16,et commodo vulputate justo in blandit ultrices
806,npullerac,ncowerndu,2023-06-08,90.43,quis turpis eget elit sodales scelerisque mauris sit amet eros
807,bsyvret8v,cdegoixfv,2022-10-20,71.48,ipsum primis in faucibus orci luctus
808,tcanada8g,vdupree2z,2023-04-30,92.26,aliquam convallis nunc proin at turpis a pede
809,dbellard4d,dloyd72,2022-04-22,98.58,posuere cubilia
810,kwennington9t,rfulkpw,2023-07-13,65.65,lacinia erat vestibulum sed magna at nunc commodo placerat praesent
811,kwein3q,bmedford8a,2023-07-10,1.11,iaculis diam erat fermentum justo nec condimentum neque sapien
812,testerbrookrk,spedrozzijn,2023-06-01,21.43,quis turpis eget elit sodales scelerisque mauris sit
813,dbramsomdk,walbrighton5u,2023-04-21,40.51,erat quisque erat eros viverra eget
814,gbartrum9o,mwordenkx,2022-09-06,9.73,id nisl venenatis lacinia aenean
815,ljosilowski4r,twasielae8,2023-06-15,3.92,cubilia curae duis faucibus accumsan odio curabitur convallis duis
816,xfalla7u,csisley3l,2022-12-07,43.78,nulla sed
817,bstirripew,fbarrett7t,2024-02-24,14.23,maecenas leo odio condimentum id luctus nec molestie sed justo
818,dsammonrf,cpagon7s,2023-07-15,37.52,in leo maecenas pulvinar lobortis
819,bpoundsford3h,rfulkpw,2023-05-14,86.96,mauris morbi non lectus
820,lwallbankscm,ccoldridgede,2023-07-23,61.31,ridiculus mus etiam vel augue
821,edolohuntygv,mgenikeng,2022-06-29,25.53,volutpat dui maecenas tristique est
822,dstreakoz,ibootheqs,2023-12-20,67.54,adipiscing elit proin risus praesent lectus vestibulum quam
823,ewillisr4,mseversan,2023-05-10,91.46,proin risus praesent lectus vestibulum quam sapien varius ut blandit
824,sgrattenab,tcanada8g,2022-09-24,17.61,ultrices aliquet maecenas leo odio condimentum id luctus nec
825,tbrotherheadox,bpickav,2023-06-09,71.83,iaculis diam
826,htointon4i,dtrevarthenjt,2023-10-16,58.45,blandit lacinia erat vestibulum sed magna at nunc commodo placerat
827,mcammis6a,mwrittleb0,2023-12-06,5.8,blandit ultrices enim lorem
828,mjarmainemq,dsarle5v,2023-03-19,39.01,eget nunc donec quis
829,xvye43,ycejkan6,2022-09-08,62.17,eget tincidunt eget
830,kmcdavitt6q,ccaldaroc1,2023-06-04,91.93,id turpis integer aliquet massa id lobortis convallis tortor
831,apaulettieu,cstreatfield6r,2022-12-15,9.56,eu tincidunt in leo maecenas pulvinar lobortis
832,rbroderickqm,bscrutonr2,2023-04-08,43.68,porta volutpat quam pede lobortis ligula sit amet
833,jcropp5h,mtwitching3y,2023-03-07,21.89,morbi porttitor lorem id ligula suspendisse ornare
834,osemperqa,lgusneyik,2023-04-17,85.12,quis turpis sed ante vivamus tortor duis mattis egestas metus
835,ghamlingtonju,ptytcombb8,2023-12-17,69.84,ut ultrices
836,doldershawmc,jschurig7b,2022-05-29,68.42,posuere felis sed lacus morbi sem
837,cstanbroca,lblodgl2,2023-06-28,53.9,adipiscing molestie hendrerit at vulputate vitae
838,mkubeckacz,dpiddlegr,2023-05-27,19.16,odio
839,wmacilurickmh,lheare7h,2022-10-15,60.34,at vulputate vitae nisl aenean
840,cburchatt8w,npullerac,2024-02-11,44.26,lectus in quam fringilla rhoncus mauris enim
841,eswinerd5x,mgenikeng,2023-04-27,13.09,enim sit amet nunc
842,dsammonrf,tleer1r,2022-12-18,13.71,pellentesque eget nunc donec quis orci eget orci vehicula condimentum
843,aaland2,jdabourne8b,2022-06-15,55.37,nec nisi vulputate
844,msagrottcc,mayto4j,2023-08-12,24.86,ante ipsum primis in faucibus orci
845,bpoundsford3h,ftakle2i,2023-05-03,29.87,id
846,bneil9p,kbagniukle,2024-04-02,50.88,velit nec nisi vulputate nonummy maecenas tincidunt
847,mfeldharkerii,gchristaeasl,2022-12-17,5.91,pharetra magna ac
848,jdabourne8b,ldunlapa3,2023-07-06,10.07,sed vel enim sit amet nunc viverra dapibus
849,rheggisonb6,vkeaysell9s,2023-12-16,18.84,amet lobortis sapien sapien non mi integer ac neque
850,vcarlesikn,tbrotherheadox,2023-09-28,8.64,elementum
851,ejacquet1j,shennerfi,2023-11-16,96.98,sem mauris
852,hgossanrr,bdevonaldfs,2022-08-22,31.56,neque aenean auctor gravida sem
853,breaman1z,abrighamh6,2022-05-19,56.29,nisi nam ultrices libero non
854,cmcmeartyf3,csurmeyersfb,2022-08-16,23.67,luctus et ultrices posuere cubilia curae
855,mmiklemaz,emackay4g,2023-01-02,54.33,nulla eget eros elementum pellentesque quisque porta
856,cmcelmurrayh2,dandreonebq,2023-07-19,2.01,quisque
857,lgusneyik,jbingejy,2024-02-22,8.76,sem sed sagittis nam congue risus semper porta volutpat quam
858,bfitchettda,wflowerdewci,2022-10-13,83.4,id turpis integer aliquet massa id lobortis convallis tortor risus
859,bprantonid2,lwardingtonay,2023-06-16,8.27,vestibulum ante
860,zguidoni7m,biddon4,2022-11-24,3.09,vestibulum
861,ryarkerom,asutherleyfk,2023-04-16,54.49,eget tempus vel pede morbi
862,pwhitesideml,cnewsteadqy,2022-12-13,65.98,euismod scelerisque quam
863,cdedamad,kbransomlz,2023-03-14,24.77,ac tellus semper interdum mauris ullamcorper
864,rfanthomje,otabbernorot,2022-12-17,83.78,tincidunt ante vel ipsum praesent blandit
865,bstoffersp5,eduffree66,2023-08-11,39.43,est et tempus semper est quam pharetra magna ac consequat
866,kmouanhe,cmurrock61,2024-03-28,90.41,blandit mi in porttitor pede justo eu massa
867,mfrymanbx,jbingejy,2022-07-20,51.05,in faucibus orci luctus et ultrices posuere
868,jgunnellqo,istirripco,2022-04-23,5.46,bibendum morbi non
869,bgerkens3g,badamoli7x,2023-05-25,54.21,nascetur ridiculus mus etiam vel augue
870,rpratleyoo,eblosev,2022-04-20,11.83,faucibus orci luctus et ultrices posuere
871,dbellard4d,ahowden3b,2022-12-07,81.33,sit amet
872,ademangeotbl,ksprottj1,2023-09-23,91.53,integer
873,kgarfirth60,bbittlestonegb,2023-11-11,53.53,ac lobortis vel dapibus at diam nam tristique tortor eu
874,cpagon7s,freye3e,2023-09-03,79.24,nec molestie sed justo pellentesque viverra pede ac
875,abrighamh6,krawkesbyfx,2024-01-06,17.06,adipiscing elit proin interdum mauris non ligula
876,jchristoffebz,jgrasha8n,2022-07-05,77.17,ornare consequat lectus in est risus auctor sed tristique
877,dblabeydw,bkernellqp,2023-01-14,30.2,quis turpis
878,kpistol7q,smarkovichhj,2024-04-08,72.79,donec vitae nisi nam ultrices libero non mattis pulvinar nulla
879,jtolman20,ybuchammo,2022-12-02,100.0,donec odio justo sollicitudin ut suscipit a feugiat
880,ngavahanfl,rfilasov1x,2023-04-01,8.87,sed sagittis nam congue risus semper porta volutpat quam
881,pcabbelli8,dtidmasn2,2023-12-03,23.06,ultrices
882,sbrasted80,cautrie3x,2023-12-09,14.87,sit amet
883,skreutzera9,xfalla7u,2023-07-28,7.77,erat curabitur gravida
884,nkeeltaghj2,rclinton5d,2023-06-19,85.06,curae donec pharetra magna vestibulum aliquet ultrices erat
885,acharlonhc,mmeadway44,2022-06-09,67.99,ultrices posuere cubilia curae donec pharetra magna vestibulum aliquet ultrices
886,gcurado4y,mambroixhf,2022-05-16,56.38,ut nulla sed accumsan felis ut at dolor quis
887,dbonnifacei4,kravenscroft8u,2022-05-13,75.61,non velit donec diam neque vestibulum eget vulputate
888,bgrahame9,vbriton9,2023-01-23,58.28,eleifend pede libero quis orci nullam molestie nibh
889,gsodengf,fdrinkhill6p,2023-04-12,29.4,ut blandit non
890,hwickman5b,ekinnin9n,2024-01-09,15.81,sapien varius ut
891,rscuttsnp,hrobertelliqn,2023-12-30,48.32,morbi a ipsum integer a nibh in quis
892,vkeaysell9s,dshipcotta4,2022-04-30,53.72,lorem quisque ut erat curabitur gravida nisi at
893,rmaccostigan10,mjarmainemq,2023-05-16,6.77,erat nulla tempus vivamus in
894,sbergstranddb,rfanthomje,2023-07-26,28.2,interdum venenatis turpis enim
895,hlongrigg39,bdevonaldfs,2023-11-23,69.54,arcu sed augue aliquam
896,iconnettc7,rpratleyoo,2023-08-12,57.01,suscipit ligula in lacus curabitur at
897,ppedden42,nrampleycf,2022-05-27,40.29,ultrices posuere cubilia curae donec pharetra magna
898,fkarlqvist67,sdorkins5k,2022-05-14,34.37,semper
899,lwithringtenov,ahylandsf4,2023-01-13,66.28,tincidunt ante vel ipsum praesent blandit
900,weastabrookqh,larias96,2024-01-17,66.27,tortor
901,mmacneishkr,tlidstonerl,2023-02-26,60.87,mauris enim leo
902,jcasiniji,hlongrigg39,2023-03-01,85.66,ipsum ac tellus semper interdum mauris
903,acroydonfo,dbromilowcr,2023-08-09,24.47,lacus at velit
904,bfrostickiw,bborsnall7v,2022-05-10,56.26,eget elit sodales scelerisque mauris sit amet eros suspendisse
905,dpuntonf2,mspeight5,2023-10-04,4.82,eget
906,kpowling6e,srosenfeld7a,2023-09-18,72.87,felis
907,edyter6k,sdorkins5k,2024-01-12,25.04,libero nullam sit amet turpis elementum ligula vehicula
908,bfranzolig0,dmaccroaryi1,2022-12-11,64.46,duis faucibus accumsan odio curabitur convallis duis consequat dui
909,fbonhommehm,sbroxholmegq,2023-12-16,82.65,nam nulla integer pede justo lacinia
910,mambroixhf,fstolteee,2024-01-19,60.63,urna
911,acredlandm3,amacandrew1,2023-12-12,70.63,facilisi
912,jolivarigt,ahedank7,2023-09-24,7.5,suscipit ligula in lacus curabitur at
913,ebaudinet2x,eguddept,2024-03-15,58.08,consequat dui nec nisi volutpat eleifend
914,hburrow83,dsammonrf,2024-03-26,86.17,magnis dis parturient
915,mmiklemaz,aaskemhv,2023-06-22,56.35,magna
916,ndmitric,ldrain91,2024-01-04,54.59,ut erat
917,kalibertib5,esnarr9q,2022-04-24,53.82,non sodales sed
918,rwinmillaf,stavernoreh,2022-08-12,92.7,tincidunt eu felis
919,apaulettieu,mmudd4x,2024-03-09,20.17,duis bibendum felis sed interdum venenatis
920,jgierlf,eprestneyai,2024-03-19,8.34,molestie hendrerit at vulputate vitae nisl aenean lectus pellentesque
921,cburginn,sgreenfieldd9,2023-04-06,63.75,libero
922,acornelykq,njupp4p,2022-05-25,38.87,semper rutrum nulla nunc purus phasellus
923,alehuquetdn,sgrigson23,2023-12-01,86.75,at velit eu est congue elementum in hac habitasse platea
924,dtomik8l,kpistol7q,2023-02-24,50.76,amet
925,mconkay9y,jgallehockbf,2022-12-02,40.21,suscipit a feugiat et
926,ppedden42,kalibertib5,2023-03-29,67.39,pellentesque at
927,hgossanrr,lcotherillq8,2022-12-27,36.51,odio
928,homarat,jtolman20,2022-10-11,44.51,ultrices libero non mattis pulvinar
929,rfanthomje,edolohuntygv,2022-08-31,2.19,faucibus accumsan odio
930,amacandrew1,kwoodroofelb,2022-05-12,83.97,magna vestibulum aliquet ultrices erat tortor
931,ngosslinga1,rbroderickqm,2022-11-29,39.88,est lacinia nisi venenatis tristique fusce
932,kbransomlz,eskippings1w,2023-10-28,96.43,rhoncus dui vel
933,tprebleit,cmcrae2w,2023-09-23,19.35,sapien quis libero nullam sit amet turpis elementum
934,sreimersq9,kvecardg,2024-01-30,25.66,lacus purus aliquet at feugiat non pretium quis lectus
935,lritmeierp9,mstedellkd,2023-10-27,72.33,sociis natoque penatibus et magnis dis
936,ewiddup1f,cmcmeartyf3,2022-07-01,71.98,vestibulum rutrum
937,bstoffersp5,pletson9c,2022-12-09,53.86,consequat lectus in est risus auctor sed tristique in
938,molennanefj,mseversan,2022-04-22,32.44,mauris enim leo rhoncus sed vestibulum sit
939,mlenzq0,bdodds5l,2023-10-11,51.54,convallis tortor risus dapibus augue vel accumsan tellus nisi
940,mglydece,dyesson49,2022-08-26,72.48,nisi volutpat eleifend
941,alehuquetdn,nolekpy,2023-01-31,50.12,in felis donec
942,dkulicdx,wsoutterd5,2022-12-03,71.93,cubilia curae duis faucibus accumsan odio
943,bmawdp0,ldillawayf6,2023-01-02,92.41,id sapien in sapien iaculis congue vivamus metus
944,wvandenoordhl,cclutheramkt,2024-01-26,60.9,nulla mollis molestie lorem quisque ut erat curabitur gravida
945,eskippings1w,rmecozzibg,2022-08-16,85.28,nisi eu orci mauris lacinia sapien
946,bregglarko,bsadler6u,2022-10-21,94.28,turpis
947,abrighamh6,rallsoppi0,2022-12-22,70.34,nulla integer pede justo lacinia eget tincidunt eget tempus vel
948,jbrosea7,gbartrum9o,2022-10-30,40.07,cras pellentesque volutpat dui
949,dbrewers11,dhoggettsm5,2023-12-28,10.28,quam sollicitudin vitae consectetuer eget rutrum at
950,mfashion2h,tvennartec,2023-09-02,31.63,aliquet ultrices erat tortor sollicitudin mi sit amet lobortis sapien
951,egothuppq,alarivegi,2024-01-20,55.51,nec
952,mmoscon65,mjarmainemq,2023-06-01,36.65,tempor convallis nulla neque libero convallis eget eleifend luctus ultricies
953,kwennington9t,apaulettieu,2022-05-11,66.36,donec posuere metus vitae ipsum aliquam non mauris morbi
954,tsabbatier26,jcardall2n,2023-11-26,71.93,aenean sit amet justo morbi ut odio
955,pwansburybu,tcanada8g,2023-05-06,91.66,ultrices phasellus id sapien in sapien
956,dsammonrf,fmaddafordga,2023-07-14,97.8,justo sit amet sapien dignissim vestibulum vestibulum
957,cloddymm,bmilburn9m,2023-12-07,73.68,tincidunt nulla mollis molestie lorem quisque
958,tcleetonl5,lluetkemeyer8f,2024-02-13,49.07,eget massa tempor convallis nulla
959,rmaccostigan10,cautrie3x,2022-06-27,78.83,dolor vel est donec odio justo sollicitudin ut suscipit
960,blutton2b,jrenzini2v,2023-08-14,7.97,convallis nunc proin at turpis a
961,cdanilyukiq,elaveryck,2023-06-13,91.45,vehicula condimentum curabitur in
962,sfishendenj3,sspaxmancg,2023-07-03,4.99,ultrices posuere cubilia curae duis faucibus accumsan odio
963,qpehrsson7y,rhallewell5c,2023-04-11,54.95,a pede posuere nonummy integer non velit donec
964,esolwaycn,nconejo,2023-09-02,2.41,convallis nulla neque
965,cmcelmurrayh2,gnegus7g,2022-12-04,17.09,vestibulum quam sapien varius ut blandit
966,abridgeag,gheyfield7f,2022-09-29,65.48,lacus at turpis donec
967,saitchison5g,narmatageah,2022-09-22,37.24,sapien iaculis congue vivamus metus arcu adipiscing
968,sfairesbw,afeldberglc,2022-08-31,16.47,purus phasellus in felis donec semper sapien a libero
969,rcardoso3v,lgusneyik,2023-12-08,75.43,elit ac nulla sed vel enim
970,bwhellamsp3,tleer1r,2024-03-29,82.05,auctor
971,dshipcotta4,ghamlingtonju,2023-10-11,64.83,quis justo maecenas
972,amcinultyq6,vbogies2g,2022-04-29,93.64,fusce posuere
973,pswinnw,jtolman20,2023-04-10,62.57,luctus rutrum
974,zguidoni7m,criccionech,2022-11-28,65.23,iaculis
975,vdupree2z,krichardson57,2022-08-22,96.38,habitasse platea dictumst aliquam augue quam sollicitudin
976,ematsellbk,hkapelhoffk4,2023-03-16,61.19,ipsum aliquam non mauris morbi non lectus
977,cvlasenkoob,lmozzettia8,2023-06-07,80.26,rhoncus mauris
978,ggeeraert8p,rcardoso3v,2022-11-15,14.9,sed justo pellentesque viverra pede
979,jgallehockbf,dcoldham59,2023-08-25,58.41,ac est lacinia
980,rgynnild,eprestneyai,2024-01-26,12.74,id nulla
981,kwebsdaleix,lclemsonel,2022-07-11,51.51,id massa
982,saitchison5g,preahkz,2023-02-15,28.47,nonummy maecenas tincidunt
983,asutherleyfk,emackay4g,2024-01-31,47.32,nulla integer pede
984,tsikorskilp,eswinerd5x,2023-11-12,71.78,eleifend
985,upoutono6,ppedden42,2022-08-27,52.66,sed
986,hodarel7,kolner34,2023-03-07,2.43,integer non velit donec diam neque
987,gheyfield7f,gceneyrc,2023-01-08,93.42,nunc purus phasellus in felis
988,mdrinnanf8,jskind4,2023-09-18,1.71,quisque porta
989,rclinton5d,ftakle2i,2023-01-12,65.53,ut tellus nulla ut erat id
990,abeurichlg,jriep63,2024-02-01,85.01,diam vitae quam suspendisse potenti
991,ewidmoor1d,vbogies2g,2023-04-25,98.29,quis justo maecenas rhoncus aliquam lacus morbi quis tortor
992,pcabbelli8,freye3e,2024-02-01,66.03,mauris eget massa tempor convallis nulla
993,gcompsonjm,anancekivellre,2024-01-20,54.93,dictumst etiam faucibus cursus urna ut tellus nulla ut
994,jbockettei,abimrose7z,2024-04-01,23.3,sed vestibulum sit amet cursus id turpis
995,csnugg1v,thandmore32,2024-01-21,92.61,integer ac neque duis bibendum morbi non quam nec
996,dhancornni,ctellenbrokerly,2022-05-30,86.62,aliquam quis turpis
997,rfanthomje,ffauguel2l,2023-02-04,59.4,nunc purus phasellus in felis donec semper sapien
998,fkubistah9,dtomik8l,2023-01-30,46.96,sed vestibulum sit amet cursus id
999,jimpeyjs,vcarlesikn,2024-01-14,9.33,justo morbi ut odio
1000,ssandeverp1,wpetrou85,2022-07-22,10.69,vitae nisl
